Date,MPRN,Meter Serial Number,00:30,01:00,01:30,02:00,02:30,03:00,03:30,04:00,04:30,05:00,05:30,06:00,06:30,07:00,07:30,08:00,08:30,09:00,09:30,10:00,10:30,11:00,11:30,12:00,12:30,13:00,13:30,14:00,14:30,15:00,15:30,16:00,16:30,17:00,17:30,18:00,18:30,19:00,19:30,20:00,20:30,21:00,21:30,22:00,22:30,23:00,23:30,00:00
05/10/2025,10306472089,32181933,0.07,0.05,0.05,0.05,0.04,0.05,0.04,0.03,0.05,0.03,0.05,0.03,0.04,0.03,0.07,0.05,0.03,0.00,0.01,0.02,0.00,0.02,0.01,0.01,0.00,0.00,0.51,0.00,0.53,0.02,0.01,0.01,0.05,0.05,0.05,0.06,0.06,0.06,0.08,0.11,0.08,0.06,0.09,0.06,0.07,0.05,0.06,0.06
06/10/2025,10306472089,32181933,0.04,0.05,0.03,0.05,0.04,0.04,0.04,0.04,0.04,0.03,0.05,0.03,0.05,0.03,0.05,0.04,0.04,0.01,0.00,0.00,0.00,0.00,0.00,0.00,0.00,0.00,0.00,0.00,0.00,0.00,0.00,0.00,0.00,0.01,0.02,0.03,0.04,0.03,0.07,0.05,0.37,0.08,0.07,0.10,0.07,0.06,0.05,0.06
07/10/2025,10306472089,32181933,0.04,0.03,0.04,0.03,0.04,0.04,0.04,0.03,0.03,0.04,0.03,0.04,0.03,0.04,0.02,0.04,0.04,0.05,0.05,0.07,0.05,0.03,0.08,0.03,0.03,0.03,0.11,0.24,0.05,0.03,0.03,0.00,0.16,1.29,0.99,0.25,0.68,0.33,0.68,0.46,0.24,0.23,0.27,0.09,0.09,0.08,0.07,0.04
08/10/2025,10306472089,32181933,0.06,0.06,0.04,0.03,0.06,0.06,0.05,0.03,0.03,0.04,0.03,0.04,0.03,0.06,0.03,0.05,0.04,0.02,0.03,0.01,0.00,0.00,0.00,0.00,0.00,0.01,0.03,0.32,0.64,0.05,0.49,0.02,0.03,0.07,0.09,0.07,0.08,0.10,1.03,0.89,0.11,0.08,0.08,0.48,1.35,0.88,0.23,0.06
09/10/2025,10306472089,32181933,0.22,0.21,0.20,0.21,0.20,0.21,0.23,0.21,0.21,0.22,0.19,0.21,0.20,0.19,0.22,0.10,0.08,0.06,0.04,0.05,0.00,0.00,0.00,0.00,0.03,0.03,0.05,0.04,0.17,0.03,0.15,0.09,0.05,0.05,0.02,0.12,0.12,0.13,0.65,0.11,0.99,0.06,0.07,0.07,0.04,0.05,0.06,0.20
10/10/2025,10306472089,32181933,0.07,0.05,0.06,0.04,0.05,0.05,0.04,0.05,0.03,0.04,0.04,0.05,0.05,0.04,0.05,0.05,0.04,0.05,0.06,0.07,0.05,0.03,0.03,0.05,0.06,0.01,0.00,0.00,0.00,0.00,0.00,0.01,0.02,0.02,0.03,0.04,0.05,0.06,0.13,0.45,0.09,0.06,0.08,0.09,0.07,0.05,0.04,0.04
11/10/2025,10306472089,32181933,0.05,0.03,0.05,0.04,0.04,0.05,0.04,0.05,0.03,0.05,0.04,0.04,0.05,0.03,0.05,0.03,0.04,0.16,0.58,0.16,0.07,0.06,1.31,1.80,0.59,0.56,0.15,0.17,0.11,0.14,0.66,0.63,0.05,0.08,1.33,0.86,0.20,0.57,1.25,0.28,0.13,0.14,0.10,0.21,0.10,0.10,0.08,0.04
12/10/2025,10306472089,32181933,0.06,0.05,0.05,0.03,0.04,0.04,0.03,0.05,0.04,0.04,0.04,0.03,0.04,0.03,0.04,0.03,0.03,0.02,0.00,0.01,0.00,0.20,0.00,0.00,0.24,1.27,0.49,0.06,0.04,0.01,0.02,0.32,0.35,0.15,0.72,0.07,0.10,0.06,0.72,0.12,0.04,0.85,0.50,0.09,0.07,0.05,0.06,0.07
13/10/2025,10306472089,32181933,0.04,0.05,0.03,0.04,0.05,0.03,0.05,0.04,0.03,0.05,0.04,0.04,0.05,0.05,0.07,0.06,0.10,0.07,0.10,0.04,0.04,0.07,0.07,0.07,0.04,0.03,0.01,0.12,0.01,0.03,0.02,0.02,0.03,0.03,0.05,0.04,0.05,0.05,0.16,0.20,0.10,0.09,0.06,0.07,0.07,0.14,0.08,0.04
14/10/2025,10306472089,32181933,0.09,0.05,0.04,0.05,0.04,0.05,0.05,0.03,0.05,0.04,0.04,0.05,0.07,0.08,0.09,0.07,0.16,0.08,0.05,0.04,0.05,0.04,0.05,0.03,0.05,0.04,0.17,0.03,0.04,0.06,0.04,0.05,0.05,0.06,0.06,0.07,0.09,0.08,0.09,0.06,0.81,0.08,0.10,0.64,0.10,0.63,0.06,0.64
15/10/2025,10306472089,32181933,0.05,0.04,0.05,0.04,0.05,0.08,0.07,0.06,0.04,0.05,0.05,0.03,0.05,0.04,0.05,0.11,0.06,1.00,0.14,0.32,0.04,0.06,0.00,0.00,0.00,0.00,0.00,0.00,0.00,0.01,0.00,0.02,0.02,0.04,0.05,0.90,1.06,0.25,0.22,0.30,0.19,0.21,0.20,0.20,0.19,0.18,0.08,0.21
16/10/2025,10306472089,32181933,0.04,0.05,0.07,0.07,0.06,0.04,0.04,0.05,0.03,0.05,0.05,0.04,0.04,0.03,0.04,0.03,0.06,0.07,0.09,0.07,0.04,0.03,0.03,0.01,0.02,0.02,0.20,0.02,0.04,0.00,0.01,0.00,0.13,0.03,0.08,0.20,0.95,0.40,0.07,0.09,0.16,0.07,0.08,0.05,0.06,0.05,0.06,0.04
17/10/2025,10306472089,32181933,0.03,0.04,0.05,0.03,0.04,0.04,0.03,0.05,0.04,0.04,0.04,0.03,0.04,0.03,0.04,0.20,0.59,0.07,0.62,0.01,0.02,0.00,0.02,0.07,0.03,0.60,0.19,0.12,0.55,0.11,0.47,0.39,0.14,0.13,0.16,0.23,0.15,0.19,0.12,0.06,0.03,0.04,0.04,0.04,0.03,0.04,0.04,0.05
18/10/2025,10306472089,32181933,0.04,0.03,0.04,0.04,0.03,0.04,0.03,0.04,0.04,0.03,0.04,0.03,0.03,0.04,0.03,0.04,0.04,0.03,0.02,0.01,0.01,0.00,0.00,0.00,0.01,0.01,0.01,0.01,0.02,0.01,0.03,0.03,0.03,0.04,0.03,0.03,0.04,0.03,0.04,0.04,0.03,0.04,0.04,0.03,0.04,0.03,0.03,0.03
19/10/2025,10306472089,32181933,0.03,0.04,0.04,0.03,0.04,0.04,0.03,0.04,0.03,0.03,0.04,0.03,0.04,0.04,0.03,0.05,0.04,0.03,0.01,0.00,0.00,0.00,0.00,0.00,0.00,0.00,0.00,0.00,0.01,0.00,0.01,0.01,0.02,0.02,0.04,0.04,0.03,0.36,0.06,0.07,1.75,1.52,0.54,0.28,0.28,0.28,0.22,0.04
20/10/2025,10306472089,32181933,0.20,0.19,0.20,0.20,0.19,0.20,0.20,0.19,0.20,0.19,0.19,0.20,0.18,0.20,0.18,0.20,0.22,0.23,0.21,0.24,0.50,0.51,0.30,0.64,0.18,0.11,0.14,0.29,0.20,0.00,0.02,0.07,0.03,0.04,0.04,0.05,0.04,0.04,0.04,0.04,0.63,0.10,0.14,0.72,0.16,0.62,0.22,0.20
21/10/2025,10306472089,32181933,0.08,0.07,0.07,0.07,0.07,0.07,0.08,0.07,0.06,0.06,0.03,0.04,0.03,0.05,0.07,0.09,0.09,0.08,0.11,0.05,0.03,0.40,0.35,0.36,0.06,0.01,0.53,0.05,0.48,0.07,0.01,0.02,0.06,0.05,0.41,0.16,0.10,0.10,0.06,0.64,0.81,0.28,0.30,0.29,0.35,0.82,0.28,0.07
22/10/2025,10306472089,32181933,0.35,0.21,0.21,0.23,0.21,0.20,0.19,0.21,0.20,0.08,0.05,0.06,0.04,0.05,0.05,0.05,0.10,0.06,0.11,0.01,0.00,0.00,0.00,0.01,0.71,0.37,0.05,0.08,0.06,0.05,0.06,0.07,0.06,0.69,0.46,0.16,0.15,0.58,0.35,0.15,0.57,0.24,0.33,0.37,0.05,0.05,0.05,0.63
23/10/2025,10306472089,32181933,0.06,0.05,0.06,0.04,0.06,0.03,0.05,0.05,0.04,0.05,0.04,0.04,0.05,0.04,0.07,0.09,0.08,0.05,0.04,0.01,0.02,0.03,0.05,0.04,0.03,0.05,0.03,0.01,0.07,0.53,0.04,0.57,0.28,0.04,0.07,0.04,0.05,0.06,0.08,0.80,0.56,0.19,0.11,0.16,0.10,0.11,0.09,0.07
24/10/2025,10306472089,32181933,0.07,0.06,0.03,0.06,0.07,0.05,0.03,0.07,0.06,0.04,0.05,0.05,0.04,0.05,0.05,0.04,0.08,0.10,0.09,0.07,0.08,0.06,0.05,0.05,0.02,0.20,0.01,0.22,0.45,0.01,0.55,0.01,0.04,0.51,0.10,0.10,0.11,0.11,0.09,0.04,0.05,0.33,0.35,0.07,0.04,0.05,0.04,0.08
25/10/2025,10306472089,32181933,0.05,0.03,0.04,0.04,0.03,0.04,0.03,0.05,0.04,0.03,0.04,0.03,0.04,0.04,0.04,0.06,0.04,0.03,0.01,0.01,0.00,0.00,0.00,0.00,0.00,0.00,0.00,0.00,0.00,0.00,0.00,0.00,0.00,0.03,0.04,0.04,0.08,0.07,0.50,0.46,0.10,0.10,0.05,0.05,0.04,0.04,0.04,0.04
26/10/2025,10306472089,32181933,0.04,0.08,0.06,0.05,0.04,0.04,0.05,0.03,0.05,0.04,0.04,0.05,0.03,0.05,0.04,0.06,0.04,0.02,0.03,0.03,0.02,0.03,0.01,0.01,0.01,0.00,0.03,0.01,0.01,0.03,0.03,0.04,0.04,0.04,0.04,0.03,0.05,0.05,0.53,0.58,0.11,0.45,0.23,0.25,0.42,0.07,0.07,0.03
27/10/2025,10306472089,32181933,0.05,0.03,0.04,0.04,0.04,0.05,0.03,0.05,0.05,0.03,0.05,0.04,0.05,0.05,0.03,0.05,0.05,0.04,0.03,0.01,0.02,0.01,0.01,0.01,0.00,0.02,0.01,0.01,0.02,0.01,0.04,0.03,1.33,0.87,0.64,1.54,1.24,0.60,0.73,0.93,0.29,0.08,0.17,0.33,0.47,0.13,0.59,0.06
28/10/2025,10306472089,32181933,0.06,0.04,0.05,0.04,0.04,0.05,0.04,0.05,0.05,0.03,0.05,0.04,0.03,0.05,0.03,0.07,0.04,0.06,0.09,0.02,0.01,0.01,0.03,0.01,0.01,0.15,0.62,0.81,0.10,0.05,0.09,0.06,0.03,0.05,0.52,0.55,0.78,0.54,0.33,0.81,0.06,0.07,0.04,0.05,0.05,0.07,0.15,0.07
29/10/2025,10306472089,32181933,0.05,0.05,0.04,0.05,0.05,0.03,0.05,0.05,0.04,0.05,0.04,0.04,0.05,0.06,0.10,0.12,0.05,0.02,0.04,0.06,0.20,0.03,0.09,1.36,1.02,0.51,0.06,0.00,0.03,0.88,0.95,0.09,0.65,0.08,0.05,0.06,0.08,0.08,0.08,0.50,0.27,0.22,0.22,0.23,0.12,0.08,0.07,0.09
30/10/2025,10306472089,32181933,0.05,0.04,0.04,0.06,0.04,0.05,0.05,0.05,0.07,0.05,0.05,0.06,0.04,0.06,0.06,0.07,0.15,0.08,0.62,0.45,0.12,0.24,0.16,0.37,0.04,0.03,0.05,0.04,0.07,0.03,0.09,0.07,0.11,0.06,0.07,0.05,0.05,0.06,0.22,0.73,0.22,0.20,0.21,0.54,0.26,0.15,0.05,0.04
31/10/2025,10306472089,32181933,0.04,0.04,0.05,0.04,0.04,0.05,0.04,0.05,0.05,0.04,0.05,0.04,0.04,0.06,0.05,0.14,0.09,0.14,0.50,0.09,0.03,0.10,0.06,0.00,0.00,0.09,0.27,0.42,0.22,0.07,0.05,0.56,1.25,1.24,2.29,1.23,0.28,0.37,0.34,0.42,1.24,1.18,0.25,0.23,0.21,0.22,0.22,0.06
01/11/2025,10306472089,32181933,0.33,0.24,0.22,0.23,0.23,0.22,0.23,0.23,0.22,0.23,0.22,0.22,0.22,0.21,0.23,0.21,0.13,0.00,0.01,0.01,0.00,0.01,0.01,0.01,0.00,0.01,0.00,0.01,0.04,0.06,0.07,0.04,0.04,0.06,0.08,0.08,0.07,0.09,0.17,0.91,0.84,0.54,0.69,0.73,0.15,0.13,0.12,0.84
02/11/2025,10306472089,32181933,0.11,0.09,0.07,0.06,0.07,0.04,0.05,0.05,0.04,0.06,0.06,0.07,0.09,0.09,0.08,0.05,0.02,0.00,0.08,0.47,0.00,0.62,0.02,0.01,0.07,0.79,0.06,0.02,0.04,0.02,0.03,0.04,0.26,0.16,0.09,0.07,0.06,1.04,1.38,0.78,0.16,0.16,0.13,0.14,0.11,0.15,0.72,0.10
03/11/2025,10306472089,32181933,0.63,0.05,0.04,0.05,0.05,0.09,0.07,0.06,0.05,0.04,0.05,0.04,0.04,0.05,0.04,0.07,0.09,0.08,0.09,0.17,0.18,0.21,0.16,0.15,0.19,0.23,0.21,0.39,0.27,0.30,0.28,0.25,0.23,0.22,0.23,0.21,0.22,0.22,0.33,0.28,0.19,0.20,0.32,0.23,0.23,0.22,0.23,0.08
04/11/2025,10306472089,32181933,0.24,0.22,0.21,0.19,0.20,0.20,0.19,0.21,0.20,0.20,0.21,0.19,0.20,0.19,0.20,0.24,0.19,0.20,0.17,0.17,0.13,0.15,0.17,0.16,0.18,0.38,0.18,0.02,0.06,0.66,0.10,0.64,0.10,0.10,0.08,0.05,0.07,0.05,0.29,0.60,0.11,0.08,0.13,0.10,0.12,0.11,0.08,0.25
05/11/2025,10306472089,32181933,0.04,0.06,0.05,0.04,0.05,0.05,0.04,0.05,0.05,0.04,0.05,0.06,0.04,0.05,0.06,0.05,0.05,0.04,0.06,0.05,0.03,0.05,0.04,0.05,0.02,0.00,0.03,0.03,0.04,0.15,0.04,0.08,0.06,0.06,0.05,0.11,0.10,0.10,0.11,0.05,0.05,0.08,0.23,0.28,0.43,0.72,0.28,0.07
06/11/2025,10306472089,32181933,0.20,0.20,0.20,0.19,0.21,0.19,0.21,0.20,0.20,0.21,0.19,0.21,0.19,0.20,0.19,0.04,0.11,0.10,0.07,0.09,0.03,0.02,0.00,0.12,0.04,0.12,0.03,0.05,0.03,0.03,0.03,0.04,0.05,0.05,0.11,0.13,0.16,0.13,0.14,0.08,0.04,0.05,0.18,0.32,0.12,0.11,0.10,0.76
07/11/2025,10306472089,32181933,0.05,0.04,0.04,0.05,0.03,0.05,0.04,0.04,0.05,0.04,0.05,0.05,0.04,0.05,0.04,0.04,0.06,0.04,0.05,0.03,0.01,0.01,0.01,0.00,0.02,0.17,0.15,0.23,0.50,0.09,0.64,0.08,0.11,0.09,0.11,0.12,0.15,0.15,0.14,0.11,0.11,0.13,0.10,0.10,0.10,0.05,0.06,0.04
08/11/2025,10306472089,32181933,0.04,0.05,0.03,0.05,0.05,0.04,0.05,0.03,0.05,0.04,0.04,0.05,0.04,0.13,0.17,0.04,0.03,0.02,0.00,0.00,0.00,0.00,0.00,0.01,0.00,0.00,0.07,0.57,0.15,1.07,0.15,0.11,0.12,0.09,0.08,0.08,0.07,0.11,0.10,0.05,0.05,0.04,0.05,0.05,0.04,0.05,0.05,0.04
09/11/2025,10306472089,32181933,0.06,0.05,0.04,0.04,0.05,0.04,0.04,0.06,0.05,0.04,0.05,0.05,0.04,0.05,0.05,0.04,0.04,0.75,0.07,0.00,0.00,0.00,0.00,0.00,0.00,0.00,0.00,0.00,0.17,0.07,0.11,0.10,0.72,0.70,0.71,0.16,0.79,0.20,0.18,0.12,0.60,0.71,0.12,0.11,0.10,0.11,0.09,0.05
10/11/2025,10306472089,32181933,0.07,0.05,0.06,0.07,0.08,0.07,0.07,0.08,0.08,0.08,0.08,0.07,0.06,0.04,0.06,0.08,0.15,0.10,0.00,0.00,0.00,0.00,0.00,0.00,0.00,0.00,0.00,0.11,0.03,0.04,0.06,0.05,0.05,0.14,0.21,0.07,0.07,0.07,0.07,0.07,0.06,0.74,0.06,0.06,0.06,0.06,0.05,0.11
11/11/2025,10306472089,32181933,0.08,0.09,0.07,0.05,0.05,0.05,0.04,0.05,0.04,0.04,0.05,0.04,0.05,0.06,0.04,0.06,0.12,0.09,0.11,0.09,0.08,0.07,0.08,0.08,0.06,0.06,0.04,0.02,0.66,0.08,0.66,0.07,0.06,0.14,0.05,0.07,0.05,0.07,0.05,0.08,0.08,0.09,0.08,0.10,0.08,0.05,0.06,0.06
12/11/2025,10306472089,32181933,0.08,0.06,0.05,0.04,0.04,0.05,0.04,0.05,0.04,0.05,0.05,0.06,0.05,0.07,0.05,0.08,0.14,0.09,0.07,0.09,0.02,0.03,0.04,0.02,0.05,0.06,0.26,0.07,0.07,0.06,0.11,0.12,0.09,0.07,0.05,0.06,0.04,0.06,0.06,0.50,0.07,0.81,0.12,0.08,0.09,0.09,0.06,0.04
13/11/2025,10306472089,32181933,0.05,0.04,0.04,0.05,0.04,0.05,0.05,0.04,0.05,0.04,0.05,0.07,0.06,0.06,0.07,0.08,0.14,0.05,0.01,0.01,0.01,0.03,0.00,0.02,0.02,0.03,0.21,0.01,0.05,0.05,0.06,0.07,0.06,0.05,0.04,0.06,0.05,0.08,0.73,0.24,0.09,0.06,0.06,0.06,0.13,0.71,0.11,0.03
14/11/2025,10306472089,32181933,0.07,0.06,0.04,0.05,0.04,0.05,0.05,0.04,0.05,0.04,0.04,0.05,0.04,0.06,0.05,0.06,0.11,0.07,0.77,0.09,0.13,0.11,0.72,1.30,1.07,0.24,0.08,0.99,0.23,0.07,0.06,0.10,0.08,0.09,0.09,0.10,0.09,0.07,0.07,0.06,0.36,0.86,0.31,0.10,0.09,0.11,0.09,0.67
15/11/2025,10306472089,32181933,0.09,0.06,0.04,0.05,0.05,0.04,0.05,0.04,0.05,0.04,0.04,0.05,0.03,0.05,0.06,0.05,0.05,0.04,0.07,0.00,0.00,0.02,0.00,0.00,0.01,0.22,1.11,0.65,0.68,0.05,0.59,0.05,0.06,0.06,0.06,0.06,0.11,0.27,0.41,0.62,0.25,0.06,0.10,0.11,0.12,0.12,0.11,0.11
16/11/2025,10306472089,32181933,0.10,0.08,0.08,0.07,0.07,0.07,0.06,0.04,0.07,0.08,0.05,0.04,0.04,0.07,0.05,0.06,0.04,0.02,0.02,0.05,0.06,0.21,1.02,0.38,0.07,0.58,0.69,0.05,0.03,0.04,0.04,0.04,0.05,0.04,0.06,0.17,0.17,0.23,0.32,0.50,0.85,0.76,0.50,0.89,0.27,0.65,0.34,0.11
17/11/2025,10306472089,32181933,0.15,0.14,0.15,0.16,0.17,0.16,0.15,0.16,0.17,0.16,0.15,0.15,0.16,0.15,0.17,0.19,0.17,0.16,0.11,0.00,0.00,0.00,0.01,0.00,0.00,0.07,0.05,0.01,0.04,0.07,0.11,0.07,0.07,0.07,0.09,0.14,0.20,0.25,0.07,0.07,0.08,0.80,0.64,0.24,0.10,0.64,0.09,0.19
18/11/2025,10306472089,32181933,0.24,0.05,0.05,0.03,0.05,0.05,0.04,0.05,0.05,0.04,0.05,0.05,0.04,0.06,0.08,0.08,0.06,0.12,0.02,0.01,0.00,0.00,0.01,0.01,0.15,0.01,0.03,0.02,0.04,0.05,0.09,0.11,0.11,0.10,0.09,0.11,0.10,0.11,0.31,0.14,0.22,0.13,0.15,0.15,0.56,0.34,0.21,0.45
19/11/2025,10306472089,32181933,0.05,0.04,0.05,0.03,0.05,0.05,0.03,0.05,0.05,0.04,0.05,0.05,0.05,0.06,0.06,0.05,0.05,0.04,0.01,0.01,0.01,0.04,0.01,0.02,0.00,0.00,0.15,0.00,0.02,0.02,0.06,0.09,0.07,0.06,0.06,0.09,0.10,0.11,0.08,0.08,0.08,0.10,0.07,0.08,0.07,0.53,0.25,0.49
20/11/2025,10306472089,32181933,0.58,0.04,0.05,0.04,0.05,0.05,0.15,0.05,0.05,0.04,0.05,0.05,0.05,0.06,0.06,0.04,0.05,0.04,0.01,0.00,0.00,0.00,0.00,0.00,0.00,0.00,0.00,0.02,0.16,0.01,0.06,0.11,0.09,0.08,0.10,0.09,0.06,0.21,0.07,0.07,0.10,0.19,0.14,0.10,0.21,0.13,0.69,0.23
21/11/2025,10306472089,32181933,0.67,0.04,0.06,0.05,0.05,0.06,0.05,0.05,0.06,0.05,0.05,0.05,0.06,0.06,0.07,0.05,0.04,0.08,0.05,0.01,0.00,0.00,0.01,0.02,0.02,0.00,0.07,0.02,0.02,0.03,0.04,0.07,0.07,0.04,0.05,0.04,0.17,0.06,0.04,0.36,0.15,0.37,0.23,0.12,0.10,0.09,0.06,0.09
22/11/2025,10306472089,32181933,0.05,0.03,0.04,0.04,0.03,0.03,0.04,0.03,0.04,0.04,0.04,0.05,0.05,0.04,0.03,0.04,0.04,0.05,0.24,0.47,0.07,0.01,0.70,0.74,0.00,0.47,1.66,0.41,0.72,0.12,0.07,0.15,0.19,0.08,0.08,0.09,0.09,0.10,0.53,1.89,1.31,0.22,0.18,0.20,0.17,0.18,0.18,0.05
23/11/2025,10306472089,32181933,0.18,0.19,0.18,0.16,0.18,0.17,0.12,0.13,0.13,0.15,0.14,0.11,0.13,0.14,0.13,0.13,0.11,0.08,0.07,0.05,0.01,0.01,0.01,0.03,0.71,0.69,0.77,0.36,0.35,0.19,0.18,0.17,0.08,0.04,0.09,0.06,0.05,0.05,0.05,0.08,0.17,0.34,0.64,0.12,0.70,0.13,0.09,0.17
24/11/2025,10306472089,32181933,0.07,0.04,0.05,0.03,0.05,0.04,0.05,0.05,0.05,0.05,0.04,0.05,0.03,0.05,0.04,0.11,0.10,0.08,0.02,0.00,0.00,0.01,0.03,0.02,0.04,0.03,0.04,0.01,0.06,0.08,0.09,0.06,0.07,0.07,0.07,0.10,0.09,0.12,0.20,0.38,0.52,0.21,0.11,0.10,0.10,0.15,0.07,0.08
25/11/2025,10306472089,32181933,0.05,0.05,0.05,0.03,0.05,0.05,0.05,0.05,0.06,0.05,0.05,0.05,0.05,0.08,0.06,0.07,0.08,0.11,0.03,0.01,0.04,0.04,0.08,0.02,0.01,0.00,0.00,0.00,0.01,0.02,0.03,0.16,0.03,0.05,0.04,0.08,0.07,0.06,0.18,0.18,0.07,0.06,0.06,0.06,0.08,0.07,0.05,0.05
26/11/2025,10306472089,32181933,0.04,0.04,0.05,0.04,0.05,0.05,0.04,0.06,0.05,0.05,0.06,0.04,0.05,0.07,0.06,0.10,0.10,0.10,0.12,0.11,0.08,0.10,0.15,0.11,0.11,0.11,0.33,0.14,0.08,0.45,0.42,0.19,0.62,0.06,0.06,0.06,0.11,0.55,0.33,0.38,0.62,1.13,0.16,0.13,0.14,0.10,0.09,0.05
27/11/2025,10306472089,32181933,0.04,0.04,0.05,0.03,0.05,0.04,0.04,0.05,0.04,0.05,0.04,0.04,0.04,0.05,0.06,0.20,1.21,0.50,0.12,0.13,0.13,0.15,0.15,0.13,0.37,0.11,0.06,0.60,0.05,0.57,0.04,0.04,0.03,0.06,0.05,0.07,0.05,0.06,0.13,0.22,0.05,0.09,1.00,0.60,0.14,0.08,0.06,0.08
28/11/2025,10306472089,32181933,0.05,0.05,0.03,0.04,0.04,0.03,0.04,0.04,0.03,0.05,0.03,0.04,0.04,0.04,0.06,0.05,0.04,0.08,0.15,0.03,0.02,0.13,0.03,0.00,0.00,0.00,0.00,0.01,0.01,0.04,0.03,0.04,0.04,0.06,0.05,0.03,0.06,0.06,0.07,0.08,0.37,1.06,0.24,0.11,0.12,0.94,0.15,0.05
29/11/2025,10306472089,32181933,0.31,0.08,0.06,0.03,0.04,0.04,0.03,0.04,0.04,0.03,0.05,0.04,0.03,0.04,0.05,0.04,0.04,0.06,0.05,0.07,0.02,0.07,0.03,0.03,0.00,0.00,0.00,0.01,0.03,0.02,0.03,0.05,0.05,0.05,0.07,0.07,0.06,0.09,0.22,0.56,0.09,0.64,0.05,0.05,0.19,0.20,0.04,0.57
30/11/2025,10306472089,32181933,0.06,0.06,0.08,0.04,0.06,0.04,0.04,0.05,0.04,0.05,0.04,0.04,0.05,0.04,0.04,0.06,0.05,0.01,0.00,0.01,0.10,0.04,0.05,0.03,0.14,0.09,0.05,0.24,0.55,0.13,0.74,0.13,0.13,0.23,0.10,0.50,0.55,0.08,0.57,0.22,0.05,0.04,0.07,0.08,0.07,0.05,0.05,0.06
01/12/2025,10306472089,32181933,0.07,0.06,0.04,0.05,0.06,0.04,0.06,0.05,0.05,0.06,0.04,0.05,0.05,0.04,0.07,0.08,0.06,0.07,0.04,0.04,0.08,0.05,0.10,0.06,0.08,0.07,0.08,0.83,0.25,0.10,0.11,0.08,0.06,0.06,0.05,0.07,0.06,0.08,0.08,0.16,0.06,0.04,0.06,0.06,0.08,0.05,0.06,0.06
02/12/2025,10306472089,32181933,0.05,0.05,0.03,0.04,0.05,0.04,0.04,0.05,0.05,0.05,0.06,0.05,0.04,0.07,0.07,0.08,0.09,0.08,0.05,0.03,0.01,0.00,0.02,0.00,0.01,0.07,0.00,0.00,0.01,0.06,0.11,0.09,0.07,0.04,0.06,0.05,0.05,0.18,1.31,0.14,0.10,0.70,0.15,0.48,0.34,0.14,0.06,0.04
03/12/2025,10306472089,32181933,0.04,0.05,0.04,0.05,0.04,0.04,0.05,0.04,0.05,0.05,0.04,0.05,0.05,0.06,0.06,0.03,0.04,0.05,0.02,0.00,0.01,0.01,0.00,0.00,0.01,0.29,1.36,0.18,1.16,0.07,0.09,0.46,0.84,0.24,0.20,0.21,0.20,0.05,0.06,0.92,0.56,0.30,0.17,0.09,0.07,0.07,0.04,0.05
04/12/2025,10306472089,32181933,0.05,0.04,0.04,0.04,0.03,0.04,0.03,0.03,0.04,0.04,0.04,0.05,0.04,0.05,0.05,0.04,0.04,0.05,0.03,0.00,0.00,0.00,0.00,0.00,0.00,0.29,0.08,0.01,0.01,0.04,0.02,0.04,0.05,0.04,0.06,0.06,0.09,0.13,0.09,0.21,0.07,0.07,0.36,0.07,0.06,0.06,0.05,0.05
05/12/2025,10306472089,32181933,0.05,0.03,0.04,0.03,0.03,0.05,0.04,0.04,0.05,0.04,0.03,0.05,0.05,0.05,0.06,0.09,0.11,0.20,0.09,0.09,0.08,0.08,0.15,0.02,0.09,0.04,0.04,0.06,0.04,0.07,0.14,0.10,0.11,0.78,0.15,0.68,0.11,0.08,0.08,0.05,0.07,0.12,0.13,0.06,0.07,0.05,0.06,0.06
06/12/2025,10306472089,32181933,0.07,0.07,0.06,0.05,0.04,0.05,0.03,0.05,0.04,0.04,0.04,0.04,0.05,0.04,0.04,0.05,0.77,0.12,0.07,0.29,1.29,1.11,0.53,0.08,0.28,0.04,0.66,0.48,1.49,1.21,0.28,0.48,0.44,0.47,0.45,0.36,0.33,0.27,0.44,0.27,0.34,0.64,0.25,0.09,0.29,0.70,0.12,0.05
07/12/2025,10306472089,32181933,0.72,1.11,0.23,0.21,0.21,0.21,0.21,0.21,0.18,0.19,0.22,0.21,0.19,0.17,0.18,0.17,0.13,0.04,0.06,0.05,0.05,0.05,0.06,0.05,0.10,0.02,0.03,0.04,0.03,0.04,0.33,0.20,0.09,0.09,0.04,0.04,0.08,0.17,0.10,0.14,0.80,0.96,0.20,0.38,0.53,0.14,0.69,0.24
08/12/2025,10306472089,32181933,0.84,0.59,0.20,0.16,0.17,0.15,0.16,0.16,0.16,0.16,0.15,0.17,0.15,0.16,0.17,0.21,0.25,0.25,0.21,0.19,0.12,0.11,0.11,0.09,0.04,0.09,0.14,0.23,0.05,0.06,0.07,0.07,0.08,0.06,0.07,0.08,0.08,0.08,0.31,0.48,0.05,0.07,0.13,0.08,0.08,0.05,0.06,0.11
09/12/2025,10306472089,32181933,0.04,0.05,0.04,0.04,0.05,0.03,0.05,0.05,0.04,0.05,0.04,0.04,0.05,0.06,0.06,0.10,0.09,0.15,0.09,0.08,0.08,0.07,0.05,0.05,0.04,0.04,0.07,0.08,0.07,0.11,0.11,0.09,0.09,0.06,0.05,0.04,0.21,1.31,0.52,0.99,0.39,0.07,0.05,0.06,0.06,0.05,0.06,0.06
10/12/2025,10306472089,32181933,0.06,0.05,0.05,0.05,0.03,0.06,0.05,0.06,0.04,0.05,0.05,0.04,0.05,0.06,0.06,0.08,0.09,0.11,0.10,0.07,0.02,0.03,0.06,0.02,0.05,0.08,0.03,0.02,0.11,0.09,0.09,0.07,0.08,0.13,0.06,0.05,0.09,0.07,0.09,0.60,0.07,0.05,0.25,0.05,0.05,0.05,0.06,0.05
11/12/2025,10306472089,32181933,0.07,0.07,0.04,0.05,0.05,0.03,0.04,0.05,0.04,0.05,0.05,0.04,0.05,0.06,0.08,0.10,0.13,0.09,0.10,0.08,0.08,0.08,0.07,0.08,0.08,0.06,0.09,0.08,0.08,0.08,0.07,0.05,0.07,0.05,0.06,0.42,0.57,0.86,0.98,0.18,0.69,0.07,0.06,0.07,0.06,0.06,0.04,0.06
12/12/2025,10306472089,32181933,0.04,0.05,0.04,0.05,0.04,0.04,0.05,0.04,0.05,0.05,0.04,0.05,0.04,0.06,0.08,0.07,0.08,0.07,0.03,0.02,0.02,0.02,0.01,0.04,0.03,0.00,0.14,0.01,0.06,0.05,0.09,0.08,0.08,0.08,0.06,0.11,0.21,0.12,0.07,0.18,0.55,0.08,0.13,0.22,0.10,0.11,0.09,0.06
13/12/2025,10306472089,32181933,0.10,0.05,0.05,0.04,0.05,0.04,0.05,0.05,0.05,0.05,0.05,0.06,0.05,0.05,0.05,0.05,0.05,0.07,0.04,0.01,0.01,0.03,0.03,0.03,0.04,0.02,0.04,0.04,0.04,0.12,0.10,0.16,0.11,0.11,0.75,0.11,0.72,0.18,0.68,0.15,0.57,1.15,0.20,0.15,0.13,0.09,0.06,0.10
14/12/2025,10306472089,32181933,0.05,0.05,0.04,0.06,0.05,0.06,0.04,0.06,0.04,0.06,0.05,0.05,0.05,0.05,0.05,0.05,0.07,0.05,0.03,0.02,0.16,1.17,1.72,0.55,0.97,0.57,0.52,0.27,0.06,0.05,0.07,0.06,0.09,0.15,0.11,0.40,0.19,0.14,0.96,0.80,0.14,0.12,0.31,0.13,0.13,0.11,0.13,0.04
15/12/2025,10306472089,32181933,0.06,0.04,0.06,0.04,0.06,0.04,0.06,0.05,0.06,0.05,0.06,0.05,0.05,0.04,0.06,0.10,0.11,0.09,0.09,0.06,0.05,0.07,0.04,0.00,0.00,0.25,0.28,0.01,0.02,0.08,0.08,0.08,0.04,0.10,0.11,0.09,0.08,0.26,0.56,0.94,0.68,0.72,0.09,0.20,0.04,0.04,0.03,0.08
16/12/2025,10306472089,32181933,0.03,0.04,0.03,0.04,0.05,0.04,0.05,0.04,0.04,0.04,0.04,0.04,0.03,0.05,0.06,0.05,0.05,0.03,0.02,0.01,0.00,0.00,0.00,0.00,0.00,0.00,0.00,0.00,0.00,0.02,0.03,0.04,0.04,0.04,0.05,0.05,0.05,0.32,0.07,0.10,0.03,0.04,0.05,0.08,0.07,0.56,1.09,0.05
17/12/2025,10306472089,32181933,0.04,0.04,0.03,0.04,0.03,0.03,0.03,0.03,0.04,0.03,0.04,0.04,0.04,0.05,0.04,0.05,0.03,0.05,0.05,0.02,0.34,0.05,0.08,0.58,1.12,0.33,0.01,0.03,0.02,0.07,0.05,0.05,0.04,0.05,0.05,0.05,0.06,0.05,0.06,0.04,0.04,0.32,0.04,0.06,0.03,0.04,0.03,0.21
18/12/2025,10306472089,32181933,0.04,0.03,0.03,0.04,0.03,0.04,0.03,0.04,0.04,0.04,0.05,0.03,0.04,0.05,0.06,0.06,0.03,0.05,0.04,0.04,0.04,0.03,0.04,0.03,0.03,0.04,0.02,0.04,0.03,0.03,0.04,0.03,0.04,0.04,0.03,0.05,0.05,0.20,0.64,0.07,0.05,0.04,0.05,0.04,0.06,0.05,0.05,0.03
19/12/2025,10306472089,32181933,0.03,0.04,0.04,0.06,0.07,0.05,0.03,0.04,0.05,0.04,0.05,0.04,0.03,0.06,0.05,0.05,0.04,0.03,0.03,0.01,0.00,0.00,0.00,0.00,0.00,0.00,0.00,0.01,0.01,0.03,0.03,0.04,0.05,0.03,0.04,0.05,0.04,0.04,0.04,0.04,0.73,0.06,0.06,0.04,0.05,0.04,0.04,0.04
20/12/2025,10306472089,32181933,0.03,0.04,0.03,0.03,0.04,0.03,0.04,0.04,0.04,0.05,0.03,0.04,0.04,0.04,0.04,0.03,0.05,0.05,0.05,0.04,0.01,0.03,0.09,0.33,0.04,0.02,0.04,0.03,0.03,0.03,0.04,0.04,0.03,0.05,0.04,0.08,0.07,0.07,0.05,0.07,0.60,0.17,0.13,0.19,0.16,0.24,0.05,0.04
21/12/2025,10306472089,32181933,0.04,0.06,0.05,0.04,0.05,0.03,0.04,0.04,0.04,0.05,0.08,0.08,0.05,0.03,0.04,0.04,0.03,0.03,0.03,0.02,0.00,0.01,0.00,0.00,0.00,0.00,0.02,0.01,0.03,0.03,0.03,0.04,0.02,0.04,0.03,0.03,0.04,0.03,0.04,0.03,0.04,0.03,0.03,0.04,0.03,0.04,0.03,0.06
22/12/2025,10306472089,32181933,0.03,0.03,0.04,0.02,0.04,0.03,0.03,0.03,0.03,0.04,0.03,0.04,0.03,0.03,0.04,0.03,0.04,0.02,0.04,0.02,0.03,0.03,0.02,0.02,0.02,0.03,0.02,0.03,0.03,0.02,0.04,0.02,0.04,0.03,0.03,0.04,0.03,0.04,0.02,0.04,0.03,0.03,0.03,0.03,0.04,0.02,0.04,0.03
23/12/2025,10306472089,32181933,0.03,0.03,0.03,0.04,0.03,0.04,0.03,0.04,0.03,0.03,0.03,0.03,0.04,0.02,0.04,0.03,0.06,0.05,0.04,0.02,0.03,0.01,0.01,0.01,0.01,0.01,0.01,0.02,0.01,0.03,0.02,0.03,0.03,0.03,0.03,0.03,0.04,0.02,0.04,0.03,0.03,0.03,0.03,0.03,0.03,0.04,0.02,0.03
24/12/2025,10306472089,32181933,0.03,0.03,0.03,0.03,0.04,0.03,0.04,0.03,0.04,0.03,0.04,0.03,0.03,0.04,0.03,0.04,0.02,0.03,0.03,0.03,0.02,0.00,0.00,0.00,0.00,0.00,0.00,0.00,0.00,0.01,0.02,0.04,0.02,0.04,0.03,0.03,0.03,0.03,0.03,0.03,0.04,0.02,0.04,0.03,0.03,0.03,0.03,0.04
25/12/2025,10306472089,32181933,0.03,0.04,0.02,0.04,0.03,0.04,0.03,0.03,0.04,0.03,0.03,0.03,0.04,0.02,0.03,0.03,0.04,0.02,0.01,0.00,0.00,0.00,0.00,0.00,0.00,0.00,0.00,0.00,0.00,0.01,0.02,0.03,0.03,0.03,0.04,0.02,0.04,0.03,0.03,0.03,0.03,0.03,0.03,0.03,0.03,0.04,0.02,0.03
26/12/2025,10306472089,32181933,0.02,0.04,0.03,0.04,0.03,0.03,0.03,0.03,0.04,0.03,0.04,0.03,0.04,0.03,0.03,0.03,0.03,0.03,0.03,0.03,0.01,0.02,0.01,0.01,0.01,0.01,0.00,0.02,0.02,0.02,0.03,0.03,0.03,0.03,0.03,0.03,0.04,0.02,0.04,0.03,0.03,0.03,0.03,0.03,0.03,0.03,0.03,0.04
27/12/2025,10306472089,32181933,0.03,0.03,0.02,0.04,0.02,0.04,0.02,0.03,0.03,0.03,0.03,0.03,0.03,0.03,0.03,0.03,0.03,0.02,0.02,0.00,0.00,0.00,0.03,0.00,0.00,0.00,0.00,0.00,0.00,0.00,0.02,0.03,0.03,0.03,0.03,0.03,0.03,0.03,0.04,0.02,0.04,0.02,0.04,0.03,0.03,0.03,0.03,0.03
28/12/2025,10306472089,32181933,0.03,0.03,0.03,0.03,0.03,0.03,0.03,0.04,0.03,0.03,0.02,0.04,0.03,0.03,0.03,0.03,0.03,0.03,0.03,0.03,0.03,0.03,0.03,0.02,0.02,0.01,0.02,0.01,0.02,0.02,0.03,0.02,0.04,0.03,0.03,0.03,0.03,0.03,0.03,0.03,0.03,0.04,0.02,0.03,0.02,0.04,0.03,0.03
29/12/2025,10306472089,32181933,0.02,0.03,0.03,0.03,0.03,0.03,0.03,0.03,0.03,0.03,0.04,0.02,0.04,0.02,0.04,0.03,0.03,0.02,0.03,0.03,0.03,0.02,0.02,0.02,0.01,0.02,0.02,0.03,0.02,0.03,0.02,0.03,0.03,0.03,0.02,0.03,0.03,0.03,0.03,0.03,0.04,0.03,0.03,0.03,0.04,0.02,0.03,0.03
30/12/2025,10306472089,32181933,0.04,0.03,0.03,0.03,0.03,0.03,0.03,0.03,0.03,0.04,0.02,0.03,0.03,0.04,0.02,0.03,0.02,0.03,0.03,0.03,0.03,0.02,0.02,0.00,0.01,0.01,0.01,0.01,0.02,0.02,0.04,0.02,0.03,0.02,0.04,0.03,0.03,0.03,0.03,0.03,0.03,0.03,0.03,0.03,0.02,0.03,0.03,0.03
31/12/2025,10306472089,32181933,0.03,0.03,0.02,0.04,0.03,0.03,0.03,0.04,0.03,0.03,0.03,0.03,0.03,0.03,0.03,0.03,0.04,0.02,0.03,0.02,0.02,0.01,0.01,0.00,0.01,0.01,0.06,0.03,0.02,0.03,0.03,0.03,0.03,0.03,0.03,0.03,0.03,0.03,0.03,0.02,0.03,0.03,0.04,0.03,0.03,0.02,0.03,0.04
01/01/2026,10306472089,32181933,0.03,0.03,0.03,0.03,0.02,0.03,0.02,0.04,0.03,0.04,0.02,0.03,0.03,0.03,0.03,0.03,0.03,0.02,0.01,0.00,0.00,0.00,0.00,0.00,0.00,0.00,0.01,0.01,0.01,0.01,0.02,0.03,0.02,0.04,0.03,0.03,0.02,0.03,0.03,0.03,0.03,0.03,0.03,0.02,0.03,0.02,0.04,0.03
02/01/2026,10306472089,32181933,0.04,0.02,0.03,0.03,0.03,0.03,0.03,0.04,0.02,0.04,0.02,0.04,0.03,0.03,0.03,0.03,0.03,0.03,0.01,0.00,0.00,0.00,0.00,0.00,0.00,0.00,0.00,0.00,0.00,0.00,0.02,0.03,0.03,0.03,0.02,0.03,0.03,0.04,0.02,0.03,0.02,0.03,0.03,0.03,0.03,0.03,0.04,0.02
03/01/2026,10306472089,32181933,0.04,0.03,0.04,0.03,0.03,0.03,0.03,0.03,0.03,0.03,0.03,0.04,0.02,0.03,0.03,0.04,0.02,0.02,0.00,0.00,0.00,0.00,0.00,0.00,0.00,0.00,0.00,0.00,0.00,0.00,0.02,0.02,0.03,0.03,0.03,0.03,0.03,0.03,0.03,0.03,0.03,0.04,0.02,0.03,0.03,0.04,0.03,0.02
04/01/2026,10306472089,32181933,0.03,0.03,0.04,0.03,0.03,0.03,0.04,0.03,0.04,0.03,0.04,0.03,0.04,0.03,0.04,0.03,0.04,0.03,0.02,0.01,0.00,0.00,0.00,0.00,0.00,0.00,0.00,0.02,0.01,0.03,0.04,0.09,0.04,0.04,0.03,0.04,0.03,0.04,0.03,0.04,0.03,0.04,0.03,0.03,0.03,0.03,0.03,0.04
05/01/2026,10306472089,32181933,0.04,0.03,0.04,0.03,0.04,0.03,0.04,0.03,0.04,0.04,0.03,0.03,0.03,0.03,0.03,0.03,0.03,0.03,0.00,0.00,0.00,0.00,0.00,0.00,0.00,0.00,0.00,0.00,0.00,0.01,0.03,0.02,0.03,0.02,0.04,0.03,0.03,0.03,0.04,0.03,0.04,0.03,0.03,0.04,0.03,0.03,0.03,0.03
06/01/2026,10306472089,32181933,0.03,0.04,0.03,0.04,0.03,0.04,0.03,0.04,0.03,0.03,0.03,0.04,0.03,0.03,0.04,0.03,0.04,0.03,0.03,0.02,0.01,0.02,0.01,0.01,0.00,0.00,0.00,0.00,0.00,0.01,0.01,0.03,0.03,0.03,0.03,0.03,0.03,0.03,0.03,0.03,0.03,0.03,0.04,0.03,0.03,0.03,0.04,0.04
07/01/2026,10306472089,32181933,0.03,0.03,0.03,0.03,0.03,0.03,0.03,0.04,0.02,0.03,0.03,0.04,0.03,0.03,0.03,0.03,0.03,0.03,0.03,0.00,0.00,0.00,0.01,0.00,0.01,0.00,0.01,0.01,0.02,0.03,0.03,0.03,0.03,0.03,0.02,0.03,0.02,0.04,0.03,0.03,0.03,0.03,0.03,0.03,0.03,0.03,0.03,0.03
08/01/2026,10306472089,32181933,0.03,0.03,0.04,0.03,0.03,0.03,0.04,0.03,0.03,0.03,0.03,0.04,0.03,0.03,0.02,0.04,0.03,0.03,0.02,0.03,0.03,0.03,0.03,0.03,0.03,0.02,0.03,0.02,0.04,0.02,0.03,0.02,0.03,0.03,0.03,0.04,0.06,0.06,0.04,0.03,0.04,0.03,0.03,0.03,0.03,0.03,0.02,0.02
09/01/2026,10306472089,32181933,0.03,0.04,0.02,0.03,0.02,0.04,0.03,0.03,0.03,0.03,0.03,0.03,0.03,0.02,0.04,0.03,0.03,0.02,0.01,0.00,0.00,0.00,0.01,0.02,0.00,0.00,0.00,0.00,0.00,0.01,0.01,0.03,0.03,0.03,0.03,0.03,0.03,0.03,0.03,0.03,0.04,0.03,0.03,0.02,0.03,0.03,0.03,0.03
10/01/2026,10306472089,32181933,0.06,0.06,0.06,0.06,0.06,0.07,0.05,0.06,0.06,0.05,0.05,0.03,0.05,0.04,0.05,0.06,0.05,0.05,0.01,0.01,0.01,0.01,0.01,0.00,0.01,0.01,0.01,0.03,0.03,0.04,0.04,0.04,0.05,0.04,0.05,0.04,0.04,0.05,0.04,0.05,0.05,0.04,0.05,0.04,0.05,0.04,0.04,0.05
11/01/2026,10306472089,32181933,0.04,0.04,0.05,0.04,0.05,0.04,0.04,0.05,0.03,0.05,0.04,0.04,0.05,0.03,0.05,0.05,0.04,0.05,0.03,0.04,0.03,0.03,0.04,0.02,0.01,0.03,0.03,0.05,0.03,0.04,0.05,0.03,0.04,0.04,0.04,0.05,0.03,0.04,0.05,0.03,0.05,0.04,0.04,0.05,0.03,0.05,0.04,0.05
12/01/2026,10306472089,32181933,0.05,0.04,0.04,0.04,0.03,0.05,0.04,0.04,0.05,0.03,0.05,0.04,0.04,0.05,0.04,0.04,0.04,0.04,0.05,0.02,0.01,0.00,0.00,0.00,0.00,0.00,0.02,0.02,0.01,0.02,0.02,0.04,0.04,0.04,0.05,0.03,0.04,0.07,0.06,0.07,0.06,0.05,0.12,0.11,0.10,0.11,0.09,0.04
13/01/2026,10306472089,32181933,0.08,0.04,0.05,0.04,0.04,0.05,0.04,0.04,0.04,0.03,0.05,0.03,0.05,0.06,0.05,0.05,0.03,0.04,0.02,0.01,0.00,0.00,0.01,0.01,0.00,0.00,0.02,0.01,0.00,0.00,0.04,0.05,0.05,0.06,0.05,0.06,0.07,0.06,0.07,0.07,0.06,0.05,0.08,0.12,0.13,0.11,0.06,0.08
14/01/2026,10306472089,32181933,0.04,0.03,0.05,0.04,0.05,0.05,0.04,0.05,0.04,0.04,0.05,0.04,0.06,0.05,0.05,0.07,0.06,0.06,0.05,0.10,0.04,0.03,0.05,0.04,0.03,0.01,0.01,0.02,0.04,0.03,0.05,0.04,0.04,0.05,0.04,0.05,0.04,0.05,0.05,0.04,0.06,0.06,0.08,0.10,0.10,0.08,0.05,0.06
15/01/2026,10306472089,32181933,0.05,0.04,0.04,0.04,0.03,0.05,0.04,0.04,0.05,0.04,0.04,0.05,0.05,0.06,0.05,0.04,0.05,0.08,0.03,0.01,0.00,0.00,0.00,0.00,0.00,0.00,0.00,0.00,0.00,0.03,0.03,0.05,0.05,0.04,0.05,0.05,0.06,0.10,0.07,0.25,0.08,0.11,0.15,0.13,0.10,0.11,0.10,0.04
16/01/2026,10306472089,32181933,0.06,0.03,0.04,0.04,0.04,0.05,0.04,0.04,0.05,0.04,0.05,0.04,0.05,0.06,0.04,0.05,0.04,0.05,0.11,0.07,0.00,0.00,0.00,0.00,0.00,0.00,0.02,0.00,0.02,0.03,0.01,0.04,0.05,0.04,0.05,0.04,0.04,0.06,0.04,0.05,0.05,0.06,0.10,0.10,0.09,0.10,0.08,0.07
17/01/2026,10306472089,32181933,0.08,0.04,0.06,0.03,0.04,0.05,0.03,0.05,0.04,0.04,0.05,0.03,0.05,0.04,0.04,0.06,0.04,0.10,0.05,0.03,0.01,0.01,0.01,0.00,0.00,0.00,0.00,0.01,0.04,0.03,0.07,0.10,0.12,0.10,0.10,0.08,0.07,0.05,0.06,0.05,0.06,0.06,0.05,0.06,0.05,0.06,0.07,0.09
18/01/2026,10306472089,32181933,0.07,0.05,0.04,0.05,0.04,0.04,0.05,0.03,0.05,0.04,0.04,0.05,0.04,0.04,0.05,0.04,0.05,0.03,0.01,0.08,0.06,0.07,0.07,0.09,0.07,0.19,0.01,0.03,0.04,0.06,0.09,0.19,0.17,0.17,0.16,0.67,0.34,0.54,1.02,0.29,0.12,0.10,0.18,0.17,0.16,0.14,0.09,0.09
19/01/2026,10306472089,32181933,0.71,0.07,0.46,0.25,0.04,0.04,0.04,0.04,0.04,0.04,0.03,0.04,0.05,0.03,0.04,0.03,0.04,0.10,0.03,0.04,0.03,0.01,0.01,0.00,0.00,0.00,0.00,0.02,0.03,0.02,0.03,0.04,0.03,0.04,0.04,0.04,0.05,0.04,0.04,0.05,0.05,0.10,0.11,0.14,0.12,0.14,0.13,0.07
20/01/2026,10306472089,32181933,0.05,0.04,0.06,0.07,0.06,0.04,0.05,0.05,0.04,0.04,0.04,0.03,0.05,0.05,0.05,0.04,0.03,0.09,0.03,0.00,0.01,0.00,0.00,0.00,0.00,0.00,0.00,0.02,0.00,0.01,0.03,0.04,0.03,0.04,0.05,0.08,0.08,0.14,0.12,0.26,0.04,0.08,0.16,0.14,0.15,0.15,0.14,0.05
21/01/2026,10306472089,32181933,0.09,0.03,0.05,0.04,0.03,0.04,0.03,0.04,0.03,0.03,0.04,0.03,0.05,0.05,0.04,0.04,0.03,0.03,0.07,0.02,0.01,0.00,0.00,0.01,0.01,0.01,0.02,0.01,0.03,0.03,0.01,0.04,0.04,0.03,0.04,0.03,0.04,0.05,0.03,0.04,0.04,0.03,0.05,0.07,0.13,0.16,0.12,0.13
22/01/2026,10306472089,32181933,0.09,0.04,0.04,0.04,0.04,0.08,0.05,0.05,0.03,0.04,0.04,0.04,0.05,0.04,0.05,0.04,0.03,0.09,0.02,0.02,0.00,0.00,0.00,0.00,0.01,0.00,0.00,0.00,0.00,0.01,0.03,0.03,0.03,0.04,0.04,0.07,0.12,0.16,0.15,0.08,0.07,0.11,0.15,0.16,0.17,0.12,0.14,0.12
23/01/2026,10306472089,32181933,0.05,0.50,0.24,0.43,0.41,0.03,0.03,0.05,0.04,0.03,0.05,0.04,0.04,0.06,0.05,0.03,0.05,0.05,0.07,0.03,0.03,0.02,0.05,0.11,0.34,0.32,0.03,0.03,0.07,0.05,0.07,0.06,0.07,0.06,0.13,0.12,0.11,0.15,0.14,0.48,0.12,0.17,0.15,0.19,0.22,0.18,0.17,0.09
24/01/2026,10306472089,32181933,0.17,0.16,0.04,0.04,0.04,0.02,0.04,0.04,0.03,0.03,0.04,0.03,0.04,0.04,0.03,0.05,0.05,0.04,0.04,0.03,0.02,0.02,0.07,0.04,0.22,0.41,0.00,0.00,0.02,0.04,0.01,0.13,0.04,0.04,0.07,0.03,0.05,0.03,0.05,0.04,0.04,0.05,0.07,0.12,0.09,0.09,0.11,0.16
25/01/2026,10306472089,32181933,0.04,0.03,0.03,0.04,0.03,0.04,0.04,0.03,0.04,0.04,0.04,0.04,0.03,0.04,0.04,0.04,0.04,0.04,0.03,0.36,0.22,0.25,1.00,0.02,0.00,0.00,0.00,0.00,0.00,0.01,0.03,0.03,0.04,0.04,0.09,0.06,0.05,0.04,0.04,0.05,0.09,0.08,0.16,0.11,0.15,0.10,0.06,0.03
26/01/2026,10306472089,32181933,0.04,0.03,0.04,0.05,0.03,0.04,0.04,0.03,0.04,0.04,0.03,0.05,0.04,0.04,0.05,0.04,0.04,0.05,0.04,0.43,0.09,0.05,0.04,0.69,0.05,0.69,0.14,0.00,0.00,0.01,0.19,0.02,0.04,0.04,0.05,0.06,0.04,0.07,0.08,0.08,0.06,0.07,0.07,0.08,0.08,0.06,0.07,0.04
27/01/2026,10306472089,32181933,0.05,0.03,0.04,0.05,0.03,0.04,0.04,0.03,0.03,0.04,0.03,0.04,0.04,0.05,0.04,0.04,0.03,0.04,0.05,0.04,0.03,0.02,0.01,0.02,0.03,0.01,0.01,0.00,0.03,0.02,0.03,0.04,0.04,0.04,0.04,0.09,0.05,0.06,0.04,0.04,0.04,0.04,0.05,0.06,0.08,0.13,0.13,0.06
28/01/2026,10306472089,32181933,0.11,0.10,0.05,0.03,0.03,0.04,0.03,0.04,0.05,0.03,0.04,0.04,0.04,0.05,0.06,0.04,0.04,0.21,0.18,0.01,0.02,0.01,0.00,0.00,0.00,0.00,0.00,0.00,0.00,0.00,0.02,0.03,0.04,0.04,0.03,0.04,0.05,0.06,0.45,0.07,0.08,0.33,0.09,0.11,0.15,0.07,0.06,0.17
29/01/2026,10306472089,32181933,0.05,0.04,0.04,0.04,0.03,0.04,0.04,0.03,0.05,0.03,0.04,0.04,0.03,0.05,0.05,0.03,0.17,0.11,0.05,0.04,0.00,0.00,0.01,0.01,0.05,0.22,0.10,0.05,0.07,0.08,0.10,0.06,0.05,0.04,0.05,0.06,0.06,0.96,0.97,0.08,0.09,0.07,0.07,0.10,0.09,0.07,0.23,0.03
30/01/2026,10306472089,32181933,0.06,0.04,0.06,0.04,0.03,0.04,0.03,0.04,0.05,0.03,0.04,0.04,0.03,0.05,0.05,0.03,0.04,0.07,0.05,0.01,0.00,0.00,0.01,0.04,0.02,0.02,0.61,0.00,0.60,0.00,0.02,0.03,0.03,0.04,0.05,0.04,0.05,0.06,0.04,0.26,0.28,0.33,0.07,0.09,0.12,0.09,0.10,0.05
31/01/2026,10306472089,32181933,0.07,0.06,0.07,0.04,0.04,0.04,0.04,0.05,0.03,0.04,0.04,0.03,0.05,0.04,0.04,0.05,0.03,0.05,0.05,0.03,0.10,0.15,0.04,0.07,0.48,0.74,0.32,0.60,0.61,0.24,0.29,1.14,1.04,0.06,0.07,0.06,0.08,0.21,0.28,0.19,0.08,0.07,0.24,0.05,0.07,0.07,0.08,0.08
01/02/2026,10306472089,32181933,0.08,0.08,0.09,0.07,0.07,0.07,0.07,0.07,0.07,0.07,0.07,0.07,0.07,0.07,0.07,0.07,0.06,0.06,0.05,0.53,0.36,0.62,0.00,0.94,0.07,0.99,0.12,0.01,0.63,0.58,0.39,0.07,0.09,0.10,0.21,0.61,0.08,0.08,0.08,0.07,0.08,0.07,0.08,0.07,0.07,0.06,0.06,0.09
02/02/2026,10306472089,32181933,0.70,0.11,0.52,0.22,0.06,0.06,0.04,0.07,0.04,0.05,0.03,0.04,0.04,0.04,0.04,0.04,0.05,0.05,0.05,0.11,0.04,0.03,0.05,0.04,0.30,1.40,0.34,0.92,0.43,0.07,0.05,0.09,0.66,0.09,0.64,0.05,0.05,0.10,0.07,0.09,0.26,0.93,0.67,0.18,0.17,0.06,0.07,0.10
03/02/2026,10306472089,32181933,0.06,0.04,0.05,0.04,0.04,0.03,0.04,0.04,0.03,0.05,0.04,0.04,0.04,0.05,0.05,0.03,0.05,0.12,0.17,0.12,0.08,0.10,0.08,0.07,0.70,0.20,0.05,0.07,0.07,0.07,0.08,0.11,0.10,0.09,0.70,0.12,0.19,0.19,0.15,0.10,0.19,0.08,0.08,0.07,0.10,0.07,0.07,0.05
04/02/2026,10306472089,32181933,0.07,0.06,0.06,0.05,0.04,0.04,0.04,0.05,0.03,0.05,0.04,0.05,0.05,0.05,0.06,0.04,0.03,0.02,0.02,0.01,0.02,0.00,0.00,0.00,0.00,0.00,0.00,0.05,0.61,0.03,0.61,0.10,0.06,0.05,0.07,0.05,0.08,0.07,0.09,0.08,0.69,0.52,0.16,0.09,0.07,0.09,0.07,0.06
05/02/2026,10306472089,32181933,0.06,0.08,0.05,0.05,0.04,0.04,0.05,0.03,0.05,0.04,0.04,0.05,0.04,0.05,0.06,0.04,0.06,0.15,0.09,0.09,0.07,0.08,0.05,0.05,0.06,0.12,0.05,0.02,0.05,0.05,0.05,0.16,0.05,0.03,0.06,0.08,0.72,0.09,0.50,0.25,0.20,0.14,0.10,0.07,0.09,0.06,0.06,0.09
06/02/2026,10306472089,32181933,0.05,0.05,0.04,0.05,0.03,0.04,0.04,0.04,0.05,0.04,0.05,0.05,0.04,0.06,0.06,0.09,0.09,0.08,0.09,0.07,0.11,0.05,0.05,0.05,0.06,0.21,0.04,0.11,0.72,0.12,0.67,0.05,0.04,0.07,0.05,0.57,0.38,0.17,0.35,0.09,0.07,0.06,0.11,0.07,0.06,0.06,0.12,0.04
07/02/2026,10306472089,32181933,0.07,0.08,0.06,0.06,0.04,0.05,0.04,0.04,0.04,0.04,0.05,0.04,0.05,0.04,0.04,0.05,0.03,0.04,0.02,0.01,0.00,0.04,0.01,0.00,0.00,0.02,0.01,0.02,0.02,0.01,0.84,0.56,0.44,0.41,0.13,0.06,0.43,0.97,1.21,0.11,0.57,0.30,0.16,0.07,0.07,0.16,0.06,0.09
08/02/2026,10306472089,32181933,0.05,0.08,0.08,0.05,0.06,0.04,0.05,0.05,0.05,0.05,0.04,0.05,0.04,0.05,0.05,0.05,0.04,0.00,0.00,0.05,0.01,0.18,0.42,0.53,0.58,0.03,0.34,0.01,0.00,0.00,0.08,0.05,0.19,0.08,0.07,0.11,0.08,0.14,0.72,0.09,1.10,0.83,0.78,0.74,0.08,0.05,0.15,0.06
09/02/2026,10306472089,32181933,0.71,0.10,0.67,0.06,0.04,0.06,0.05,0.05,0.05,0.04,0.06,0.04,0.05,0.04,0.05,0.06,0.05,0.10,0.01,0.04,0.06,0.06,0.04,0.03,0.01,0.08,0.11,0.01,0.04,0.04,0.05,0.05,0.08,0.05,0.05,0.07,0.71,0.12,0.15,0.98,0.76,0.53,0.61,0.14,0.18,0.12,0.11,0.13
10/02/2026,10306472089,32181933,0.10,0.05,0.04,0.04,0.03,0.04,0.04,0.03,0.05,0.04,0.04,0.05,0.03,0.05,0.06,0.04,0.07,0.03,0.03,0.02,0.01,0.01,0.00,0.24,0.00,0.01,0.00,0.01,0.00,0.00,0.00,0.02,0.04,0.03,0.04,0.03,0.06,0.59,0.51,0.30,0.41,1.28,0.60,0.17,0.29,0.21,0.17,0.10
11/02/2026,10306472089,32181933,0.09,0.04,0.04,0.04,0.03,0.04,0.04,0.03,0.04,0.03,0.03,0.04,0.03,0.05,0.05,0.04,0.05,0.06,0.04,0.06,0.01,0.01,0.00,0.04,0.01,0.01,0.03,0.32,0.37,0.04,0.06,0.02,0.07,0.04,0.06,0.05,0.06,0.05,0.48,1.13,0.56,0.10,0.08,0.12,0.11,0.11,0.12,0.10
12/02/2026,10306472089,32181933,0.08,0.05,0.05,0.05,0.03,0.05,0.03,0.04,0.04,0.03,0.04,0.03,0.03,0.05,0.04,0.04,0.03,0.11,0.07,0.02,0.03,0.03,0.03,0.00,0.01,0.12,0.00,0.00,0.00,0.04,0.04,0.05,0.08,0.07,0.04,0.05,0.19,0.62,0.26,1.26,1.16,0.55,0.29,0.09,0.13,0.12,0.12,0.10
13/02/2026,10306472089,32181933,0.06,0.06,0.04,0.05,0.03,0.04,0.04,0.03,0.04,0.04,0.03,0.05,0.05,0.05,0.05,0.04,0.04,0.50,0.76,0.09,0.04,0.02,0.00,0.09,0.00,0.00,0.00,0.00,0.00,0.00,0.02,0.33,0.11,0.42,0.62,0.36,0.09,0.09,0.12,0.05,0.07,0.05,0.06,0.06,0.05,0.08,0.08,0.10
14/02/2026,10306472089,32181933,0.07,0.07,0.07,0.06,0.05,0.06,0.06,0.05,0.06,0.05,0.05,0.06,0.04,0.05,0.05,0.04,0.03,0.01,0.00,0.01,0.00,0.01,0.01,0.01,0.02,0.02,0.02,0.04,0.04,0.05,0.06,0.04,0.07,0.05,0.05,0.06,0.04,0.51,0.13,0.18,1.19,0.30,0.10,0.51,0.34,0.22,0.54,0.05
15/02/2026,10306472089,32181933,0.07,0.06,0.05,0.06,0.06,0.04,0.06,0.06,0.05,0.05,0.06,0.04,0.05,0.05,0.04,0.06,0.06,0.03,0.04,0.12,0.05,0.11,0.45,0.14,0.94,1.11,0.75,0.67,0.11,0.02,0.04,0.44,0.52,0.07,0.06,0.04,0.10,0.11,0.12,0.09,0.08,0.09,0.34,0.67,0.19,0.77,0.09,0.08
16/02/2026,10306472089,32181933,0.07,0.07,0.06,0.05,0.06,0.06,0.06,0.06,0.05,0.06,0.06,0.06,0.04,0.06,0.06,0.05,0.06,0.15,0.12,0.08,0.00,0.02,0.01,0.05,0.01,0.00,0.08,0.03,0.28,0.33,0.13,0.57,0.05,0.05,0.07,0.06,0.07,0.07,0.07,0.07,0.70,0.67,0.24,0.94,0.25,0.08,0.08,0.06
17/02/2026,10306472089,32181933,0.07,0.05,0.06,0.04,0.04,0.06,0.04,0.05,0.05,0.06,0.10,0.07,0.06,0.05,0.06,0.04,0.12,0.04,0.05,0.07,0.07,0.09,0.05,0.06,0.02,0.01,0.17,0.04,0.64,0.08,0.43,0.33,0.08,0.07,0.10,0.09,0.06,0.07,0.66,0.22,0.63,0.20,1.39,0.31,0.12,0.06,0.07,0.07
18/02/2026,10306472089,32181933,0.06,0.05,0.05,0.05,0.08,0.08,0.06,0.05,0.05,0.05,0.04,0.04,0.05,0.05,0.05,0.05,0.07,0.31,0.85,0.01,0.03,0.05,0.04,0.05,0.02,0.07,0.36,0.52,0.07,0.65,0.07,0.06,0.05,0.07,0.05,0.04,0.12,0.08,0.45,0.44,0.25,1.06,0.10,0.08,0.10,0.16,0.10,0.12
19/02/2026,10306472089,32181933,0.06,0.06,0.03,0.04,0.04,0.03,0.05,0.04,0.04,0.05,0.04,0.04,0.05,0.04,0.05,0.05,0.03,0.05,0.03,0.00,0.00,0.00,0.00,0.00,0.00,0.00,0.00,0.00,0.00,0.00,0.00,0.00,0.01,0.03,0.04,0.03,0.06,0.09,0.07,0.22,0.66,1.19,0.07,0.22,0.56,0.08,0.65,0.06
20/02/2026,10306472089,32181933,0.06,0.04,0.05,0.03,0.04,0.04,0.03,0.05,0.03,0.03,0.04,0.04,0.04,0.05,0.04,0.03,0.02,0.22,0.11,0.08,0.02,0.01,0.00,0.00,0.01,0.03,0.03,0.01,0.13,0.00,0.01,0.02,0.03,0.05,0.07,0.07,0.06,0.61,0.50,0.12,0.09,0.07,0.32,0.16,0.69,0.09,0.11,0.05
21/02/2026,10306472089,32181933,0.11,0.52,0.23,0.06,0.06,0.06,0.03,0.05,0.04,0.05,0.05,0.04,0.05,0.04,0.04,0.05,0.03,0.05,0.04,0.02,0.27,0.06,0.07,0.06,0.18,0.04,0.02,0.02,0.49,0.26,0.06,0.05,0.05,0.07,0.08,0.06,0.05,0.05,0.34,1.11,0.90,0.25,0.07,0.07,0.16,0.11,0.06,0.74
22/02/2026,10306472089,32181933,0.06,0.05,0.06,0.04,0.06,0.05,0.06,0.05,0.06,0.06,0.05,0.05,0.04,0.05,0.04,0.04,0.01,0.00,0.00,0.13,0.62,1.12,0.09,0.72,0.04,0.19,0.04,0.01,0.00,0.01,0.09,0.01,0.02,0.05,0.06,0.23,0.09,0.09,0.07,0.05,0.67,0.49,0.10,0.88,0.18,0.69,0.07,0.06
23/02/2026,10306472089,32181933,0.06,0.05,0.06,0.04,0.06,0.05,0.05,0.06,0.04,0.06,0.05,0.05,0.05,0.04,0.05,0.04,0.25,0.07,0.06,0.07,0.05,0.05,1.28,0.64,0.05,0.08,0.03,0.05,0.05,0.05,0.05,0.07,0.04,0.07,0.06,0.05,0.04,0.05,0.35,0.39,0.09,0.54,0.18,0.09,0.08,0.06,0.08,0.05
24/02/2026,10306472089,32181933,0.06,0.06,0.04,0.05,0.04,0.04,0.05,0.03,0.05,0.04,0.03,0.62,0.83,0.66,0.05,0.04,0.42,0.51,0.74,0.19,0.49,0.38,0.31,0.17,1.03,1.27,0.23,0.02,0.01,0.14,0.96,0.04,0.03,0.04,0.03,0.04,0.09,0.09,0.08,0.06,0.25,0.39,0.13,0.69,0.15,0.73,0.13,0.06
25/02/2026,10306472089,32181933,0.05,0.05,0.03,0.04,0.03,0.04,0.03,0.03,0.04,0.03,0.04,0.03,0.05,0.04,0.04,0.04,0.03,0.05,0.60,0.06,0.39,0.16,0.00,0.00,0.00,0.00,0.00,0.00,0.00,0.00,0.00,0.01,0.02,0.02,0.04,0.03,0.06,0.09,0.06,0.22,0.15,0.06,0.07,0.12,0.12,0.11,0.16,0.11
26/02/2026,10306472089,32181933,0.06,0.04,0.03,0.04,0.03,0.04,0.03,0.03,0.04,0.02,0.04,0.03,0.03,0.05,0.04,0.04,0.04,0.02,0.02,0.03,0.02,0.03,0.02,0.03,0.02,0.08,0.00,0.01,0.02,0.03,0.02,0.01,0.03,0.02,0.04,0.03,0.04,0.04,0.07,0.06,0.05,0.05,0.05,0.08,0.69,0.15,0.61,0.11
27/02/2026,10306472089,32181933,0.06,0.05,0.04,0.03,0.04,0.03,0.04,0.03,0.03,0.04,0.03,0.03,0.04,0.04,0.05,0.04,0.01,0.01,0.00,0.00,0.00,0.00,0.00,0.00,0.00,0.00,0.00,0.00,0.00,0.00,0.00,0.02,0.00,0.06,0.02,0.04,0.04,0.04,0.05,0.04,0.04,0.03,0.05,0.03,0.05,0.04,0.10,0.23
28/02/2026,10306472089,32181933,0.10,0.09,0.05,0.03,0.04,0.03,0.03,0.04,0.03,0.04,0.04,0.03,0.05,0.04,0.03,0.02,0.00,0.00,0.00,0.00,0.32,0.23,0.34,0.41,0.32,0.22,0.10,0.46,0.00,0.55,0.00,0.02,0.02,0.07,0.11,0.08,0.11,0.12,0.11,0.09,0.09,0.07,0.14,0.11,0.06,0.14,0.12,0.12
01/03/2026,10306472089,32181933,0.11,0.11,0.11,0.07,0.05,0.04,0.05,0.04,0.04,0.04,0.04,0.05,0.03,0.04,0.04,0.04,0.04,0.01,0.00,0.00,0.07,0.00,0.01,0.09,0.45,0.04,0.00,0.54,0.03,0.85,0.19,0.42,0.58,0.15,0.11,0.10,0.10,0.61,0.57,0.31,0.04,0.53,0.18,0.71,0.15,0.50,0.38,0.12
02/03/2026,10306472089,32181933,0.05,0.03,0.04,0.03,0.04,0.05,0.03,0.04,0.04,0.03,0.05,0.04,0.04,0.05,0.03,0.00,0.00,0.00,0.04,0.00,0.00,0.00,0.00,0.00,0.00,0.19,0.27,0.27,0.01,0.00,0.00,0.00,0.01,0.01,0.02,0.04,0.04,0.11,0.13,0.12,0.06,0.55,0.07,0.11,0.13,0.19,0.12,0.11
03/03/2026,10306472089,32181933,0.05,0.03,0.04,0.04,0.03,0.04,0.03,0.04,0.05,0.03,0.05,0.04,0.04,0.05,0.04,0.00,0.00,0.00,0.07,0.00,0.00,0.00,0.00,0.00,0.00,0.00,0.40,0.00,0.00,0.00,0.00,0.03,0.04,0.05,0.02,0.04,0.03,0.12,0.09,0.15,0.67,0.11,0.27,0.54,0.14,0.33,0.21,0.07
04/03/2026,10306472089,32181933,0.03,0.04,0.03,0.04,0.03,0.04,0.03,0.03,0.04,0.03,0.03,0.04,0.03,0.05,0.05,0.02,0.03,0.02,0.00,0.00,0.00,0.00,0.00,0.00,0.00,0.15,0.33,0.00,0.00,0.00,0.00,0.00,0.02,0.03,0.03,0.05,0.08,0.06,0.06,0.03,0.04,0.03,0.06,0.06,0.05,0.05,0.03,0.16
05/03/2026,10306472089,32181933,0.04,0.03,0.05,0.03,0.04,0.04,0.03,0.04,0.04,0.03,0.04,0.03,0.03,0.05,0.04,0.04,0.05,0.02,0.03,0.05,0.11,0.04,0.03,0.17,0.15,0.01,0.02,0.05,0.03,0.02,0.04,0.05,0.05,0.05,0.06,0.12,0.19,0.24,0.14,0.11,0.12,0.12,0.12,0.14,0.16,0.12,0.12,0.04
06/03/2026,10306472089,32181933,0.04,0.05,0.04,0.05,0.06,0.04,0.06,0.05,0.05,0.05,0.04,0.05,0.05,0.07,0.18,0.01,0.00,0.00,0.07,0.00,0.00,0.00,0.00,0.00,0.00,0.17,0.11,0.03,0.00,0.00,0.05,0.08,0.11,0.10,0.04,0.05,0.03,0.08,0.12,0.21,0.13,0.07,0.08,0.07,0.22,0.54,0.13,0.08
07/03/2026,10306472089,32181933,0.10,0.09,0.05,0.03,0.04,0.03,0.03,0.04,0.03,0.04,0.04,0.03,0.05,0.04,0.03,0.02,0.00,0.00,0.00,0.00,0.32,0.23,0.34,0.41,0.32,0.22,0.10,0.46,0.00,0.55,0.00,0.02,0.02,0.07,0.11,0.08,0.11,0.12,0.11,0.09,0.09,0.07,0.14,0.11,0.06,0.14,0.12,0.12
08/03/2026,10306472089,32181933,0.06,0.05,0.05,0.04,0.05,0.04,0.05,0.04,0.04,0.05,0.04,0.04,0.05,0.04,0.02,0.00,0.00,0.01,0.00,0.04,0.00,0.46,0.00,0.37,0.66,0.08,0.36,0.67,0.04,0.05,0.11,0.14,0.38,0.61,0.61,0.04,0.06,0.16,1.25,1.18,0.19,1.34,0.36,0.08,0.07,0.06,0.07,0.05
09/03/2026,10306472089,32181933,0.07,0.05,0.05,0.05,0.04,0.05,0.04,0.05,0.05,0.06,0.05,0.04,0.05,0.04,0.05,0.14,0.01,0.00,0.02,0.01,0.00,0.00,0.00,0.00,0.09,0.00,0.00,0.00,0.00,0.02,0.00,0.03,0.03,0.04,0.04,0.08,0.13,0.11,0.39,1.03,0.20,0.09,1.55,1.17,0.66,0.72,0.07,0.05
10/03/2026,10306472089,32181933,0.05,0.04,0.04,0.04,0.03,0.05,0.03,0.04,0.03,0.04,0.03,0.04,0.04,0.04,0.05,0.00,0.00,0.00,0.00,0.00,0.02,0.00,0.00,0.00,0.00,0.00,0.00,0.01,0.00,0.02,0.01,0.02,0.02,0.03,0.04,0.04,0.09,0.13,0.16,0.12,0.21,0.42,0.26,0.11,0.14,0.18,0.12,0.05
11/03/2026,10306472089,32181933,0.16,0.15,0.13,0.04,0.03,0.05,0.03,0.04,0.02,0.04,0.03,0.03,0.04,0.04,0.02,0.01,0.00,0.00,0.00,0.00,0.00,0.00,0.00,0.00,0.00,0.57,0.00,0.00,0.00,0.02,0.00,0.01,0.02,0.05,0.05,0.15,0.14,0.15,0.14,0.12,0.05,0.10,0.57,0.27,0.40,0.46,0.10,0.08
12/03/2026,10306472089,32181933,0.10,0.03,0.05,0.03,0.04,0.03,0.04,0.03,0.03,0.04,0.03,0.03,0.04,0.04,0.05,0.04,0.03,0.04,0.03,0.04,0.00,0.00,0.01,0.00,0.00,0.01,0.00,0.00,0.00,0.01,0.02,0.00,0.01,0.02,0.07,0.16,0.15,0.14,0.16,0.15,0.15,0.59,0.29,0.17,0.14,0.10,0.11,0.14
13/03/2026,10306472089,32181933,0.10,0.08,0.04,0.03,0.03,0.04,0.02,0.04,0.03,0.03,0.05,0.03,0.05,0.04,0.01,0.00,0.00,0.00,0.01,0.00,0.03,0.00,0.02,0.01,0.00,0.02,0.00,0.00,0.00,0.01,0.00,0.00,0.00,0.01,0.00,0.04,0.04,0.04,0.07,0.05,0.11,0.12,0.10,0.09,0.10,0.12,0.07,0.09
14/03/2026,10306472089,32181933,0.15,0.14,0.17,0.09,0.05,0.04,0.04,0.05,0.03,0.04,0.04,0.03,0.05,0.03,0.01,0.00,0.00,0.00,0.00,0.00,0.00,0.00,0.00,0.00,0.00,0.00,0.00,0.00,0.00,0.00,0.00,0.00,0.01,0.01,0.11,0.15,0.16,0.10,0.10,0.11,0.96,0.93,0.09,0.07,0.08,0.07,0.10,0.14
15/03/2026,10306472089,32181933,0.61,0.40,0.30,0.46,0.04,0.03,0.05,0.03,0.04,0.04,0.04,0.04,0.04,0.04,0.02,0.04,0.01,0.00,0.00,0.00,0.00,0.00,0.07,0.04,0.02,0.01,0.14,0.01,0.00,0.00,0.00,0.00,0.01,0.02,0.04,0.03,0.12,0.15,0.16,0.14,0.65,0.07,0.14,0.13,0.12,0.18,0.11,0.11
16/03/2026,10306472089,32181933,0.04,0.05,0.04,0.05,0.04,0.04,0.03,0.04,0.04,0.04,0.04,0.03,0.05,0.03,0.04,0.02,0.01,0.02,0.01,0.01,0.02,0.00,0.00,0.60,0.04,0.00,0.75,0.54,0.85,0.06,0.03,0.02,0.02,0.02,0.08,0.15,0.16,0.15,0.16,0.15,0.55,0.13,0.09,0.10,0.10,0.10,0.18,0.06
17/03/2026,10306472089,32181933,0.03,0.04,0.04,0.05,0.03,0.03,0.03,0.04,0.04,0.03,0.04,0.04,0.03,0.05,0.03,0.03,0.05,0.06,0.03,0.01,0.00,0.01,0.00,0.00,0.00,0.00,0.00,0.00,0.00,0.00,0.01,0.02,0.00,0.03,0.02,0.04,0.03,0.04,0.04,0.03,0.05,0.03,0.04,0.04,0.03,0.05,0.04,0.09
18/03/2026,10306472089,32181933,0.18,0.03,0.04,0.04,0.03,0.04,0.03,0.03,0.04,0.02,0.04,0.04,0.03,0.05,0.03,0.02,0.02,0.03,0.00,0.00,0.00,0.00,0.00,0.00,0.00,0.00,0.00,0.00,0.01,0.00,0.00,0.02,0.01,0.00,0.02,0.02,0.04,0.05,0.14,0.16,0.14,0.75,0.08,0.14,0.17,0.21,0.76,0.07
19/03/2026,10306472089,32181933,0.72,0.07,0.04,0.03,0.03,0.04,0.03,0.04,0.03,0.04,0.04,0.03,0.04,0.03,0.01,0.00,0.02,0.00,0.00,0.00,0.00,0.00,0.00,0.00,0.00,0.00,0.00,0.00,0.00,0.00,0.00,0.00,0.00,0.02,0.01,0.04,0.05,0.16,0.15,0.15,0.43,0.46,0.12,0.07,0.11,0.10,0.11,0.15
20/03/2026,10306472089,32181933,0.11,0.10,0.04,0.04,0.03,0.04,0.03,0.03,0.03,0.03,0.04,0.02,0.04,0.04,0.01,0.00,0.00,0.02,0.00,0.00,0.00,0.00,0.00,0.00,0.00,0.00,0.00,0.00,0.00,0.00,0.00,0.00,0.01,0.01,0.06,0.14,0.17,0.14,0.09,0.10,0.09,0.12,0.15,0.12,0.11,0.08,0.10,0.17
21/03/2026,10306472089,32181933,0.09,0.09,0.09,0.07,0.03,0.04,0.03,0.04,0.03,0.03,0.04,0.02,0.03,0.02,0.00,0.00,0.00,0.00,0.00,0.00,0.01,0.00,0.00,0.00,0.00,0.00,0.00,0.00,0.00,0.00,0.00,0.00,0.01,0.03,0.10,0.11,0.09,0.10,0.08,0.74,0.69,0.26,0.06,0.08,0.06,0.04,0.04,0.15
22/03/2026,10306472089,32181933,0.05,0.04,0.04,0.04,0.03,0.04,0.03,0.05,0.03,0.04,0.03,0.04,0.03,0.04,0.03,0.00,0.00,0.00,0.03,0.46,0.06,0.13,0.22,0.55,0.63,0.92,0.80,0.12,0.02,0.54,0.00,0.57,0.39,0.34,0.03,0.07,0.13,0.16,0.15,0.14,0.07,0.54,0.17,0.06,0.08,0.06,0.06,0.04
23/03/2026,10306472089,32181933,0.05,0.05,0.04,0.04,0.04,0.04,0.03,0.05,0.03,0.05,0.03,0.06,0.03,0.04,0.03,0.02,0.02,0.04,0.02,0.00,0.00,0.00,0.00,0.00,0.00,0.00,0.00,0.00,0.00,0.00,0.00,0.01,0.03,0.04,0.07,0.06,0.10,0.11,0.45,0.18,0.12,0.13,0.45,0.36,0.63,1.47,0.08,0.04
24/03/2026,10306472089,32181933,0.05,0.05,0.05,0.03,0.05,0.03,0.04,0.04,0.03,0.04,0.03,0.04,0.03,0.04,0.05,0.20,0.25,0.07,0.07,0.05,0.04,0.05,0.04,0.05,0.03,0.16,0.00,0.00,0.00,0.00,0.00,0.01,0.03,0.06,0.08,0.06,0.07,0.09,0.09,0.07,0.71,0.06,0.07,0.24,0.74,1.37,0.11,0.07
25/03/2026,10306472089,32181933,0.24,0.04,0.03,0.04,0.03,0.04,0.03,0.04,0.03,0.03,0.04,0.03,0.04,0.02,0.01,0.00,0.00,0.00,0.01,0.46,0.00,0.40,0.05,0.00,0.00,0.00,0.00,0.00,0.00,0.00,0.01,0.00,0.01,0.02,0.02,0.03,0.10,0.10,0.08,0.21,0.19,0.18,0.10,0.07,0.06,0.06,0.05,0.43
26/03/2026,10306472089,32181933,0.04,0.05,0.03,0.04,0.03,0.03,0.04,0.03,0.04,0.04,0.03,0.04,0.03,0.04,0.03,0.01,0.00,0.02,0.00,0.00,0.00,0.00,0.24,0.01,0.32,0.88,0.62,0.34,0.06,0.63,0.03,0.61,0.01,0.05,0.08,0.12,0.16,0.16,0.15,0.11,1.10,0.59,0.14,0.06,0.07,0.07,0.06,0.05
27/03/2026,10306472089,32181933,0.05,0.06,0.03,0.05,0.03,0.03,0.03,0.03,0.04,0.03,0.03,0.04,0.02,0.02,0.02,0.00,0.00,0.02,0.00,0.03,0.00,0.01,0.00,0.00,0.00,0.00,0.00,0.00,0.01,0.01,0.01,0.01,0.06,0.11,0.08,0.10,0.07,0.04,0.05,0.05,0.05,0.05,0.06,0.06,0.05,0.04,0.05,0.07
28/03/2026,10306472089,32181933,0.07,0.05,0.03,0.04,0.04,0.03,0.05,0.04,0.04,0.05,0.04,0.05,0.03,0.01,0.01,0.00,0.00,0.00,0.00,0.29,0.43,0.56,0.22,0.51,0.00,0.09,0.00,0.00,0.00,0.01,0.32,0.25,0.08,0.16,0.51,0.03,0.06,0.05,0.24,0.08,0.09,0.10,0.06,0.05,0.07,0.09,0.06,0.05
29/03/2026,10306472089,32181933,0.07,,,0.05,0.08,0.06,0.06,0.06,0.04,0.05,0.05,0.04,0.05,0.04,0.05,0.05,0.03,0.04,0.02,0.05,0.06,0.02,0.04,0.00,0.01,0.00,0.00,0.00,0.00,0.00,0.00,0.21,0.35,0.00,0.91,0.33,0.22,0.21,0.06,1.11,0.49,0.09,0.53,0.07,0.04,0.05,0.05,0.05
30/03/2026,10306472089,32181933,0.07,0.04,0.06,0.05,0.05,0.05,0.05,0.05,0.04,0.05,0.05,0.05,0.05,0.04,0.04,0.03,0.04,0.05,0.05,0.02,0.04,0.03,0.00,0.01,0.16,0.44,0.00,0.01,0.00,0.00,0.00,0.00,0.02,0.01,0.03,0.04,0.03,0.05,0.03,0.14,1.14,0.85,0.12,0.34,0.51,0.08,0.68,0.08
31/03/2026,10306472089,32181933,0.06,0.06,0.05,0.05,0.04,0.05,0.05,0.04,0.05,0.05,0.04,0.05,0.04,0.05,0.05,0.04,0.04,0.04,0.02,0.00,0.00,0.00,0.00,0.00,1.14,0.00,0.01,0.12,0.98,0.54,0.27,0.06,0.03,0.06,0.05,0.10,0.08,0.06,0.14,0.09,0.55,0.09,0.11,0.07,0.12,0.10,0.11,0.07
01/04/2026,10306472089,32181933,0.30,0.49,0.07,0.59,0.04,0.04,0.03,0.04,0.03,0.04,0.04,0.03,0.04,0.03,0.03,0.03,0.00,0.00,0.00,0.00,0.01,0.11,0.37,0.08,0.00,0.00,0.00,0.00,0.00,0.00,0.00,0.00,0.00,0.00,0.00,0.02,0.02,0.03,0.03,0.03,0.04,0.02,0.04,0.03,0.03,0.04,0.03,0.14
02/04/2026,10306472089,32181933,0.08,0.05,0.05,0.03,0.04,0.04,0.03,0.04,0.03,0.03,0.04,0.03,0.03,0.03,0.02,0.00,0.00,0.00,0.00,0.00,0.00,0.00,0.00,0.00,0.00,0.00,0.00,0.00,0.00,0.00,0.00,0.00,0.00,0.01,0.01,0.01,0.03,0.02,0.03,0.03,0.03,0.04,0.03,0.03,0.03,0.03,0.04,0.04
03/04/2026,10306472089,32181933,0.03,0.03,0.02,0.04,0.03,0.03,0.04,0.02,0.04,0.03,0.03,0.04,0.02,0.03,0.03,0.01,0.02,0.00,0.01,0.00,0.00,0.00,0.00,0.00,0.00,0.00,0.00,0.00,0.00,0.00,0.00,0.00,0.00,0.00,0.00,0.01,0.01,0.03,0.03,0.04,0.03,0.03,0.04,0.02,0.04,0.03,0.03,0.03
04/04/2026,10306472089,32181933,0.03,0.03,0.03,0.03,0.04,0.03,0.06,0.06,0.03,0.03,0.04,0.03,0.03,0.04,0.03,0.03,0.02,0.01,0.00,0.00,0.01,0.00,0.00,0.00,0.00,0.00,0.00,0.00,0.00,0.00,0.00,0.00,0.00,0.00,0.00,0.00,0.01,0.01,0.04,0.03,0.03,0.04,0.02,0.04,0.03,0.03,0.04,0.04
05/04/2026,10306472089,32181933,0.04,0.03,0.03,0.04,0.02,0.03,0.03,0.03,0.04,0.02,0.03,0.03,0.02,0.04,0.01,0.00,0.00,0.00,0.00,0.00,0.00,0.00,0.00,0.00,0.00,0.00,0.00,0.00,0.00,0.00,0.00,0.00,0.00,0.00,0.00,0.00,0.02,0.02,0.03,0.03,0.02,0.04,0.03,0.03,0.04,0.03,0.04,0.03
06/04/2026,10306472089,32181933,0.03,0.04,0.02,0.04,0.03,0.03,0.04,0.02,0.03,0.03,0.03,0.04,0.02,0.04,0.03,0.01,0.02,0.00,0.01,0.00,0.00,0.00,0.00,0.00,0.00,0.00,0.00,0.00,0.00,0.00,0.00,0.00,0.00,0.00,0.00,0.00,0.03,0.03,0.03,0.03,0.02,0.04,0.03,0.03,0.03,0.03,0.04,0.03
07/04/2026,10306472089,32181933,0.03,0.03,0.02,0.04,0.03,0.03,0.03,0.02,0.04,0.03,0.03,0.03,0.03,0.04,0.02,0.00,0.00,0.00,0.00,0.00,0.00,0.00,0.00,0.00,0.00,0.00,0.00,0.00,0.02,0.00,0.00,0.00,0.00,0.01,0.02,0.03,0.04,0.02,0.03,0.03,0.03,0.04,0.02,0.04,0.03,0.03,0.04,0.03
08/04/2026,10306472089,32181933,0.03,0.03,0.03,0.04,0.03,0.03,0.03,0.02,0.04,0.03,0.03,0.03,0.04,0.08,0.04,0.01,0.02,0.01,0.00,0.00,0.00,0.00,0.00,0.00,0.00,0.00,0.00,0.00,0.00,0.00,0.00,0.00,0.00,0.00,0.00,0.00,0.01,0.02,0.02,0.03,0.03,0.02,0.04,0.03,0.03,0.04,0.03,0.02
09/04/2026,10306472089,32181933,0.04,0.03,0.03,0.04,0.03,0.03,0.04,0.02,0.03,0.04,0.02,0.04,0.03,0.03,0.03,0.01,0.00,0.01,0.01,0.00,0.01,0.00,0.00,0.00,0.00,0.00,0.00,0.00,0.00,0.00,0.00,0.00,0.00,0.00,0.00,0.00,0.01,0.03,0.02,0.03,0.04,0.02,0.03,0.04,0.02,0.04,0.04,0.03
10/04/2026,10306472089,32181933,0.04,0.03,0.03,0.04,0.03,0.03,0.04,0.02,0.03,0.03,0.02,0.04,0.03,0.03,0.04,0.02,0.01,0.01,0.00,0.00,0.01,0.00,0.01,0.00,0.00,0.00,0.00,0.00,0.00,0.00,0.02,0.00,0.00,0.00,0.01,0.03,0.04,0.02,0.03,0.03,0.02,0.04,0.03,0.03,0.04,0.02,0.03,0.02
11/04/2026,10306472089,32181933,0.02,0.04,0.03,0.03,0.04,0.02,0.03,0.03,0.02,0.04,0.03,0.03,0.04,0.02,0.01,0.00,0.00,0.00,0.00,0.00,0.00,0.00,0.00,0.00,0.00,0.00,0.00,0.00,0.00,0.00,0.00,0.00,0.00,0.02,0.00,0.01,0.02,0.02,0.03,0.04,0.03,0.03,0.04,0.02,0.03,0.03,0.02,0.03
12/04/2026,10306472089,32181933,0.03,0.03,0.04,0.02,0.03,0.03,0.02,0.04,0.03,0.03,0.04,0.02,0.03,0.03,0.01,0.02,0.00,0.00,0.00,0.00,0.00,0.00,0.00,0.00,0.00,0.00,0.00,0.00,0.00,0.00,0.00,0.00,0.00,0.00,0.00,0.01,0.02,0.01,0.03,0.03,0.03,0.04,0.03,0.03,0.04,0.02,0.03,0.04
13/04/2026,10306472089,32181933,0.02,0.04,0.03,0.02,0.04,0.03,0.03,0.04,0.02,0.03,0.03,0.02,0.03,0.03,0.00,0.00,0.00,0.00,0.00,0.00,0.00,0.00,0.00,0.00,0.00,0.00,0.00,0.00,0.00,0.00,0.00,0.00,0.00,0.00,0.00,0.00,0.01,0.02,0.03,0.02,0.04,0.03,0.02,0.04,0.03,0.03,0.04,0.04
14/04/2026,10306472089,32181933,0.03,0.04,0.02,0.03,0.03,0.03,0.04,0.03,0.03,0.04,0.03,0.03,0.04,0.03,0.03,0.02,0.00,0.00,0.00,0.00,0.00,0.00,0.00,0.00,0.00,0.00,0.00,0.00,0.00,0.00,0.00,0.00,0.00,0.00,0.01,0.01,0.02,0.04,0.02,0.03,0.03,0.02,0.03,0.03,0.03,0.04,0.03,0.03
15/04/2026,10306472089,32181933,0.04,0.03,0.03,0.04,0.03,0.03,0.03,0.02,0.03,0.03,0.02,0.04,0.03,0.02,0.02,0.01,0.01,0.01,0.00,0.00,0.00,0.00,0.00,0.00,0.00,0.00,0.00,0.00,0.00,0.00,0.00,0.00,0.00,0.00,0.00,0.01,0.01,0.02,0.02,0.03,0.03,0.02,0.04,0.03,0.03,0.04,0.03,0.03
16/04/2026,10306472089,32181933,0.04,0.03,0.03,0.04,0.03,0.03,0.04,0.02,0.03,0.03,0.02,0.04,0.03,0.03,0.00,0.00,0.00,0.00,0.00,0.00,0.00,0.00,0.00,0.00,0.00,0.00,0.00,0.00,0.00,0.00,0.00,0.00,0.00,0.00,0.01,0.02,0.01,0.03,0.03,0.02,0.04,0.03,0.03,0.04,0.03,0.03,0.04,0.03
17/04/2026,10306472089,32181933,0.03,0.03,0.02,0.04,0.03,0.02,0.04,0.03,0.03,0.04,0.03,0.03,0.04,0.02,0.00,0.00,0.00,0.00,0.00,0.00,0.00,0.00,0.00,0.00,0.00,0.00,0.00,0.00,0.00,0.00,0.00,0.00,0.00,0.00,0.00,0.01,0.01,0.02,0.02,0.02,0.04,0.03,0.03,0.04,0.03,0.03,0.04,0.02
18/04/2026,10306472089,32181933,0.03,0.04,0.03,0.03,0.04,0.02,0.03,0.04,0.02,0.04,0.03,0.03,0.04,0.02,0.00,0.00,0.00,0.00,0.00,0.00,0.00,0.00,0.00,0.00,0.00,0.00,0.00,0.00,0.00,0.00,0.00,0.00,0.00,0.00,0.00,0.01,0.01,0.02,0.03,0.03,0.03,0.04,0.03,0.03,0.04,0.02,0.03,0.03
19/04/2026,10306472089,32181933,0.02,0.04,0.07,0.06,0.07,0.05,0.03,0.05,0.05,0.04,0.04,0.05,0.04,0.01,0.00,0.00,0.00,0.00,0.00,0.00,0.00,0.00,0.00,0.00,0.00,0.00,0.00,0.00,0.00,0.00,0.00,0.00,0.00,0.00,0.00,0.01,0.16,0.05,0.04,0.04,0.04,0.06,0.05,0.06,0.04,0.04,0.05,0.04
20/04/2026,10306472089,32181933,0.05,0.04,0.04,0.05,0.03,0.05,0.04,0.04,0.04,0.04,0.05,0.03,0.05,0.02,0.00,0.00,0.00,0.00,0.00,0.00,0.00,0.00,0.00,0.42,0.20,0.00,0.00,0.00,0.00,0.00,0.00,0.00,0.00,0.00,0.00,0.00,0.00,0.02,0.04,0.04,0.63,0.82,0.75,1.40,0.95,0.12,0.63,0.04
21/04/2026,10306472089,32181933,0.05,0.04,0.05,0.04,0.04,0.05,0.03,0.05,0.05,0.04,0.05,0.03,0.04,0.02,0.00,0.00,0.00,0.00,0.00,0.00,0.00,0.00,0.00,0.00,0.00,0.17,0.00,0.00,0.01,0.00,0.00,0.33,0.01,0.03,0.03,0.05,0.05,0.07,0.09,0.07,0.53,0.20,0.08,0.11,0.52,0.25,0.35,0.05
22/04/2026,10306472089,32181933,0.07,0.07,0.05,0.05,0.06,0.04,0.05,0.05,0.04,0.05,0.04,0.04,0.05,0.01,0.00,0.00,0.00,0.00,0.00,0.00,0.00,0.00,0.00,0.00,0.13,0.39,0.00,0.00,0.00,0.00,0.00,0.00,0.00,0.00,0.00,0.00,0.02,0.09,0.12,1.30,0.97,0.14,0.59,0.13,0.16,0.67,0.12,0.44
23/04/2026,10306472089,32181933,0.05,0.07,0.04,0.03,0.04,0.03,0.04,0.04,0.03,0.04,0.03,0.04,0.04,0.01,0.28,0.00,0.00,0.00,0.02,0.00,0.00,0.00,0.00,0.00,0.04,0.01,0.00,0.39,0.06,0.00,0.00,0.00,0.00,0.27,0.01,0.03,0.07,0.06,0.10,0.12,0.09,0.18,0.53,0.21,0.08,0.07,0.07,0.65
24/04/2026,10306472089,32181933,0.09,0.09,0.05,0.06,0.05,0.09,0.06,0.06,0.04,0.05,0.05,0.03,0.04,0.01,0.00,0.00,0.00,0.48,0.02,0.39,0.05,0.00,0.00,0.00,0.00,0.00,0.00,0.00,0.00,0.00,0.00,0.00,0.00,0.00,0.00,0.02,0.04,0.63,0.55,0.29,0.24,1.07,0.33,0.06,0.07,0.26,0.06,0.05
25/04/2026,10306472089,32181933,0.07,0.06,0.07,0.07,0.07,0.07,0.06,0.06,0.06,0.07,0.06,0.06,0.04,0.01,0.01,0.03,0.07,0.84,0.24,0.03,0.01,0.35,0.02,0.00,0.00,0.00,0.00,0.00,0.00,0.00,0.00,0.00,0.00,0.00,0.00,0.02,0.02,0.03,0.27,0.21,0.23,0.61,0.37,0.13,0.27,0.71,0.14,0.07
26/04/2026,10306472089,32181933,0.21,0.09,0.08,0.04,0.05,0.05,0.04,0.05,0.04,0.04,0.05,0.03,0.05,0.02,0.00,0.00,0.00,0.00,0.00,0.04,0.00,0.00,0.00,0.00,0.70,0.62,0.46,0.20,0.53,0.02,0.59,0.31,0.00,0.69,0.89,0.20,0.72,0.38,0.61,0.76,0.36,0.58,0.65,0.17,0.09,0.07,0.11,0.58
27/04/2026,10306472089,32181933,0.09,0.06,0.05,0.05,0.05,0.04,0.06,0.04,0.05,0.05,0.04,0.06,0.04,0.03,0.02,0.00,0.02,0.02,0.02,0.00,0.02,0.00,0.00,0.00,0.00,0.01,0.00,0.17,0.26,0.00,0.00,0.00,0.00,0.02,0.01,0.00,0.02,0.38,0.24,0.67,1.11,0.83,0.69,0.13,0.63,0.07,0.07,0.12
28/04/2026,10306472089,32181933,0.07,0.06,0.05,0.07,0.05,0.05,0.05,0.04,0.05,0.06,0.08,0.08,0.06,0.01,0.00,0.00,0.00,0.00,0.00,0.00,0.00,0.00,0.00,0.00,0.00,0.00,0.15,0.00,0.00,0.00,0.00,0.17,0.01,0.00,0.03,0.04,0.05,0.07,0.03,0.05,0.05,0.89,0.52,0.59,0.64,0.12,0.22,0.05
29/04/2026,10306472089,32181933,0.13,0.06,0.08,0.12,0.10,0.07,0.05,0.05,0.06,0.05,0.05,0.06,0.03,0.00,0.00,0.00,0.00,0.04,0.25,0.00,0.00,0.00,0.00,0.00,0.00,0.00,0.00,0.00,0.00,0.00,0.00,0.00,0.09,0.00,0.00,0.04,0.14,0.14,0.12,0.13,0.15,0.65,0.11,0.64,0.09,0.11,0.16,0.18
30/04/2026,10306472089,32181933,0.12,0.62,0.07,0.07,0.05,0.05,0.06,0.04,0.05,0.06,0.04,0.05,0.06,0.04,0.05,0.07,0.03,0.03,0.02,0.06,0.08,0.07,0.05,0.07,0.20,0.35,0.02,0.00,0.00,0.02,0.05,0.04,0.01,0.03,0.04,0.04,0.05,0.20,0.46,0.13,0.98,0.79,0.46,0.08,0.05,0.07,0.05,0.63
01/05/2026,10306472089,32181933,0.06,0.06,0.05,0.03,0.05,0.04,0.04,0.05,0.03,0.05,0.03,0.04,0.04,0.01,0.01,0.17,0.52,0.01,0.43,0.06,0.00,0.00,0.00,0.00,0.00,0.03,0.09,0.55,0.01,0.53,0.00,0.00,0.01,0.01,0.01,0.04,0.05,0.07,0.08,0.08,0.09,0.08,0.12,0.12,0.18,0.10,0.08,0.07
02/05/2026,10306472089,32181933,0.11,0.09,0.09,0.10,0.06,0.05,0.07,0.05,0.04,0.05,0.04,0.04,0.05,0.03,0.03,0.01,0.00,0.01,0.01,0.01,0.02,0.76,0.02,0.01,0.00,0.00,0.00,0.00,0.00,0.00,0.00,0.00,0.00,0.04,0.04,0.11,0.02,0.02,0.85,0.85,0.07,0.06,0.08,0.05,0.06,0.07,0.10,0.11
03/05/2026,10306472089,32181933,0.07,0.06,0.06,0.04,0.04,0.05,0.04,0.05,0.03,0.05,0.04,0.04,0.05,0.36,0.04,0.02,0.01,0.03,0.02,0.00,0.00,0.00,0.00,0.00,0.00,0.00,0.11,0.00,0.00,0.05,0.00,0.00,0.01,0.08,0.47,0.21,0.28,0.24,0.02,0.04,0.04,0.04,0.04,0.03,0.05,0.04,0.05,0.06
04/05/2026,10306472089,32181933,0.12,0.20,0.17,0.19,0.17,0.18,0.18,0.17,0.18,0.18,0.17,0.18,0.18,0.17,0.18,0.19,0.18,0.16,0.03,0.02,0.01,0.01,0.00,0.00,0.04,0.01,0.20,0.15,0.05,0.01,0.00,0.42,0.03,0.19,0.00,0.01,0.31,0.03,0.04,0.05,0.04,0.06,0.04,0.04,0.05,0.04,0.06,0.04
05/05/2026,10306472089,32181933,0.04,0.05,0.04,0.04,0.05,0.04,0.04,0.05,0.03,0.04,0.04,0.04,0.06,0.07,0.04,0.01,0.00,0.00,0.00,0.00,0.00,0.00,0.00,0.00,0.00,0.00,0.00,0.13,0.00,0.05,0.55,0.05,0.63,0.00,0.04,0.03,0.04,0.07,0.07,0.09,0.28,0.07,0.08,0.07,0.08,0.10,0.08,0.05
06/05/2026,10306472089,32181933,0.08,0.06,0.06,0.04,0.06,0.05,0.05,0.05,0.04,0.05,0.04,0.05,0.03,0.01,0.01,0.00,0.00,0.00,0.00,0.00,0.00,0.00,0.00,0.00,0.10,0.37,0.00,0.04,0.00,0.00,0.00,0.00,0.00,0.06,0.07,0.04,0.06,0.05,0.22,0.36,0.45,0.14,0.15,0.14,0.12,0.07,0.06,0.10
07/05/2026,10306472089,32181933,0.03,0.04,0.03,0.04,0.03,0.03,0.04,0.03,0.04,0.03,0.04,0.03,0.03,0.02,0.00,0.00,0.00,0.00,0.00,0.00,0.00,0.00,0.00,0.00,0.04,0.01,0.54,0.01,0.00,0.00,0.00,0.00,0.01,0.04,0.07,0.02,0.03,0.07,0.09,0.08,0.50,0.14,0.12,0.12,0.08,0.07,0.12,0.07
08/05/2026,10306472089,32181933,0.11,0.06,0.05,0.03,0.05,0.03,0.04,0.03,0.04,0.03,0.03,0.04,0.01,0.00,0.00,0.00,0.00,0.00,0.00,0.00,0.00,0.00,0.00,0.00,0.15,0.20,0.23,0.00,0.00,0.01,0.08,0.54,0.02,0.02,0.00,0.06,1.04,0.47,0.06,0.04,0.05,0.05,0.04,0.07,0.06,0.11,0.13,0.12
09/05/2026,10306472089,32181933,0.13,0.07,0.06,0.03,0.04,0.03,0.04,0.04,0.03,0.04,0.03,0.03,0.01,0.00,0.00,0.00,0.00,0.00,0.49,0.97,0.21,0.80,0.48,0.00,0.00,0.00,0.00,0.00,0.00,0.00,0.00,0.00,0.00,0.00,0.00,0.02,0.10,0.33,0.14,1.46,1.26,0.90,0.09,0.06,0.05,0.06,0.06,0.13
10/05/2026,10306472089,32181933,0.06,0.10,0.12,0.12,0.09,0.05,0.05,0.04,0.05,0.04,0.04,0.04,0.00,0.00,0.00,0.00,0.00,0.00,0.00,0.00,0.00,0.32,0.03,0.44,0.90,0.90,0.11,0.08,0.20,0.50,1.25,1.26,0.55,0.15,0.03,0.02,0.03,0.07,0.08,0.16,0.28,0.27,0.37,0.23,0.61,0.39,0.44,0.06
11/05/2026,10306472089,32181933,0.23,0.19,0.20,0.18,0.18,0.19,0.18,0.18,0.17,0.16,0.17,0.15,0.15,0.12,0.12,0.12,0.16,0.15,0.12,0.07,0.00,0.02,0.06,0.04,0.03,0.16,0.01,0.06,0.05,0.12,0.10,0.07,0.13,0.09,0.87,0.59,0.12,0.47,0.41,1.02,0.11,0.85,1.19,0.20,0.62,0.11,0.13,0.55
12/05/2026,10306472089,32181933,0.12,0.09,0.05,0.04,0.06,0.04,0.05,0.05,0.03,0.05,0.04,0.03,0.05,0.02,0.06,0.02,0.00,0.00,0.00,0.00,0.00,0.00,0.00,0.00,0.00,0.00,0.43,0.00,0.00,0.00,0.00,0.24,0.02,0.02,0.03,0.03,0.05,0.07,0.07,0.16,0.77,0.10,0.14,0.12,0.08,0.09,0.12,0.13
13/05/2026,10306472089,32181933,0.10,0.12,0.11,0.06,0.05,0.04,0.05,0.04,0.04,0.04,0.03,0.05,0.03,0.03,0.00,0.01,0.01,0.00,0.00,0.00,0.00,0.00,0.01,0.02,0.00,0.09,0.32,0.09,0.17,0.35,0.03,0.56,0.04,0.05,0.03,0.02,0.03,0.04,0.04,0.15,0.50,0.65,0.82,0.36,0.12,0.12,0.12,0.12
14/05/2026,10306472089,32181933,0.05,0.04,0.05,0.04,0.05,0.04,0.05,0.04,0.03,0.05,0.04,0.04,0.03,0.02,0.01,0.01,0.00,0.01,0.00,0.02,0.00,0.05,0.00,0.00,0.00,0.00,0.00,0.00,0.01,0.01,0.00,0.01,0.00,0.00,0.00,0.02,0.00,0.04,0.12,0.05,0.03,0.10,0.12,0.13,0.13,0.13,0.09,0.11
15/05/2026,10306472089,32181933,0.05,0.06,0.05,0.04,0.05,0.06,0.05,0.05,0.04,0.04,0.05,0.03,0.02,0.01,0.50,0.00,0.00,0.00,0.00,0.02,0.00,0.00,0.00,0.00,0.44,0.13,0.31,0.01,0.00,0.01,0.04,0.01,0.03,0.04,0.04,0.13,0.10,0.05,0.17,0.82,0.55,0.24,0.11,0.73,0.13,0.68,0.11,0.06
16/05/2026,10306472089,32181933,0.13,0.14,0.15,0.15,0.14,0.08,0.04,0.06,0.07,0.06,0.03,0.07,0.04,0.03,0.03,0.01,0.45,0.50,0.22,0.00,0.00,0.00,0.00,0.00,0.00,0.40,0.12,0.00,0.00,0.07,0.01,0.02,0.01,0.04,0.01,0.00,0.00,0.01,0.03,0.02,0.04,0.04,0.04,0.04,0.06,0.04,0.06,0.09
17/05/2026,10306472089,32181933,0.11,0.13,0.13,0.13,0.06,0.05,0.04,0.05,0.05,0.04,0.05,0.04,0.02,0.01,0.00,0.01,0.00,0.00,0.06,0.27,0.61,0.08,0.19,0.31,0.69,0.89,0.09,0.41,0.07,0.45,0.89,0.01,0.01,0.20,0.22,0.06,0.17,0.10,0.08,0.13,0.28,0.15,0.14,0.15,0.15,0.07,0.07,0.05
18/05/2026,10306472089,32181933,0.06,0.06,0.05,0.05,0.04,0.06,0.04,0.06,0.04,0.05,0.04,0.04,0.01,0.00,0.00,0.00,0.00,0.01,0.01,0.00,0.01,0.03,0.10,0.09,0.06,0.09,0.18,0.01,0.04,0.40,0.33,0.18,0.53,0.05,0.06,0.04,0.05,0.03,0.06,0.03,1.12,0.21,0.07,0.06,0.06,0.12,0.12,0.05
